image_id,label,category,filepath
packagingboxesthataredamaged50.jpeg,damaged,Books,/content/package_data/train/damaged/packagingboxesthataredamaged50.jpeg
damagedfoodpackagingbox266.png,damaged,Sports,/content/package_data/train/damaged/damagedfoodpackagingbox266.png
packagingboxesthataredamaged241.jpeg,damaged,Home,/content/package_data/train/damaged/packagingboxesthataredamaged241.jpeg
damagedfoodpackagingbox40.jpeg,damaged,Home,/content/package_data/train/damaged/damagedfoodpackagingbox40.jpeg
packagingboxeswithdamagesanddents0.jpeg,damaged,Toys,/content/package_data/train/damaged/packagingboxeswithdamagesanddents0.jpeg
damagedfoodpackagingbox52.jpeg,damaged,Sports,/content/package_data/train/damaged/damagedfoodpackagingbox52.jpeg
packagingboxeswithdamagesanddents21.jpeg,damaged,Electronics,/content/package_data/train/damaged/packagingboxeswithdamagesanddents21.jpeg
packagingboxesthataredamaged26.jpeg,damaged,Beauty,/content/package_data/train/damaged/packagingboxesthataredamaged26.jpeg
packagingboxeswithdamagesanddents9.jpeg,damaged,Home,/content/package_data/train/damaged/packagingboxeswithdamagesanddents9.jpeg
packagingboxesthataredamaged175.jpeg,damaged,Electronics,/content/package_data/train/damaged/packagingboxesthataredamaged175.jpeg
damagedfoodpackagingbox24.jpeg,damaged,Electronics,/content/package_data/train/damaged/damagedfoodpackagingbox24.jpeg
packagingboxesthataredamaged16.jpeg,damaged,Electronics,/content/package_data/train/damaged/packagingboxesthataredamaged16.jpeg
damagedfoodpackagingbox162.webp,damaged,Toys,/content/package_data/train/damaged/damagedfoodpackagingbox162.webp
packagingboxesthataredamaged288.jpeg,damaged,Books,/content/package_data/train/damaged/packagingboxesthataredamaged288.jpeg
packagingboxesthataredamaged25.jpeg,damaged,Sports,/content/package_data/train/damaged/packagingboxesthataredamaged25.jpeg
damagedfoodpackagingbox103.jpeg,damaged,Beauty,/content/package_data/train/damaged/damagedfoodpackagingbox103.jpeg
packagingboxesthataredamaged225.jpeg,damaged,Toys,/content/package_data/train/damaged/packagingboxesthataredamaged225.jpeg
packagingboxesthataredamaged39.png,damaged,Clothing,/content/package_data/train/damaged/packagingboxesthataredamaged39.png
packagingboxesthataredamaged115.jpeg,damaged,Electronics,/content/package_data/train/damaged/packagingboxesthataredamaged115.jpeg
packagingboxeswithdamagesanddents100.jpeg,damaged,Beauty,/content/package_data/train/damaged/packagingboxeswithdamagesanddents100.jpeg
packagingboxesthataredamaged69.jpeg,damaged,Clothing,/content/package_data/train/damaged/packagingboxesthataredamaged69.jpeg
packagingboxesthataredamaged276.jpeg,damaged,Electronics,/content/package_data/train/damaged/packagingboxesthataredamaged276.jpeg
packagingboxesthataredamaged213.jpeg,damaged,Books,/content/package_data/train/damaged/packagingboxesthataredamaged213.jpeg
packagingboxesthataredamaged55.jpeg,damaged,Clothing,/content/package_data/train/damaged/packagingboxesthataredamaged55.jpeg
packagingboxesthataredamaged293.jpeg,damaged,Sports,/content/package_data/train/damaged/packagingboxesthataredamaged293.jpeg
damagedfoodpackagingbox74.webp,damaged,Books,/content/package_data/train/damaged/damagedfoodpackagingbox74.webp
packagingboxesthataredamaged14.webp,damaged,Books,/content/package_data/train/damaged/packagingboxesthataredamaged14.webp
packagingboxeswithdamagesanddents22.jpeg,damaged,Books,/content/package_data/train/damaged/packagingboxeswithdamagesanddents22.jpeg
packagingboxesthataredamaged157.jpeg,damaged,Electronics,/content/package_data/train/damaged/packagingboxesthataredamaged157.jpeg
damagedfoodpackagingbox200.jpeg,damaged,Toys,/content/package_data/train/damaged/damagedfoodpackagingbox200.jpeg
packagingboxesthataredamaged151.jpeg,damaged,Sports,/content/package_data/train/damaged/packagingboxesthataredamaged151.jpeg
packagingboxesthataredamaged6.jpeg,damaged,Beauty,/content/package_data/train/damaged/packagingboxesthataredamaged6.jpeg
packagingboxesthataredamaged185.jpeg,damaged,Books,/content/package_data/train/damaged/packagingboxesthataredamaged185.jpeg
packagingboxesthataredamaged230.jpeg,damaged,Clothing,/content/package_data/train/damaged/packagingboxesthataredamaged230.jpeg
damagedfoodpackagingbox154.jpeg,damaged,Beauty,/content/package_data/train/damaged/damagedfoodpackagingbox154.jpeg
damagedfoodpackagingbox102.jpeg,damaged,Sports,/content/package_data/train/damaged/damagedfoodpackagingbox102.jpeg
packagingboxesthataredamaged62.jpeg,damaged,Home,/content/package_data/train/damaged/packagingboxesthataredamaged62.jpeg
packagingboxeswithdamagesanddents4.jpeg,damaged,Books,/content/package_data/train/damaged/packagingboxeswithdamagesanddents4.jpeg
packagingboxesthataredamaged4.jpeg,damaged,Electronics,/content/package_data/train/damaged/packagingboxesthataredamaged4.jpeg
packagingboxesthataredamaged58.jpeg,damaged,Clothing,/content/package_data/train/damaged/packagingboxesthataredamaged58.jpeg
packagingboxesthataredamaged280.jpeg,damaged,Home,/content/package_data/train/damaged/packagingboxesthataredamaged280.jpeg
packagingboxesthataredamaged29.jpeg,damaged,Beauty,/content/package_data/train/damaged/packagingboxesthataredamaged29.jpeg
packagingboxesthataredamaged212.jpeg,damaged,Home,/content/package_data/train/damaged/packagingboxesthataredamaged212.jpeg
packagingboxesthataredamaged65.jpeg,damaged,Clothing,/content/package_data/train/damaged/packagingboxesthataredamaged65.jpeg
packagingboxesthataredamaged12.jpeg,damaged,Clothing,/content/package_data/train/damaged/packagingboxesthataredamaged12.jpeg
packagingboxesthataredamaged3.jpeg,damaged,Clothing,/content/package_data/train/damaged/packagingboxesthataredamaged3.jpeg
damagedfoodpackagingbox176.jpeg,damaged,Books,/content/package_data/train/damaged/damagedfoodpackagingbox176.jpeg
packagingboxesthataredamaged93.jpeg,damaged,Sports,/content/package_data/train/damaged/packagingboxesthataredamaged93.jpeg
packagingboxesthataredamaged48.jpeg,damaged,Beauty,/content/package_data/train/damaged/packagingboxesthataredamaged48.jpeg
packagingboxesthataredamaged116.jpeg,damaged,Beauty,/content/package_data/train/damaged/packagingboxesthataredamaged116.jpeg
packagingboxesthataredamaged30.jpeg,damaged,Home,/content/package_data/train/damaged/packagingboxesthataredamaged30.jpeg
packagingboxesthataredamaged167.png,damaged,Toys,/content/package_data/train/damaged/packagingboxesthataredamaged167.png
packagingboxesthataredamaged277.jpeg,damaged,Beauty,/content/package_data/train/damaged/packagingboxesthataredamaged277.jpeg
packagingboxesthataredamaged82.jpeg,damaged,Books,/content/package_data/train/damaged/packagingboxesthataredamaged82.jpeg
damagedfoodpackagingbox10.jpeg,damaged,Home,/content/package_data/train/damaged/damagedfoodpackagingbox10.jpeg
damagedfoodpackagingbox11.jpeg,damaged,Home,/content/package_data/train/damaged/damagedfoodpackagingbox11.jpeg
packagingboxesthataredamaged49.jpeg,damaged,Toys,/content/package_data/train/damaged/packagingboxesthataredamaged49.jpeg
packagingboxesthataredamaged189.jpeg,damaged,Sports,/content/package_data/train/damaged/packagingboxesthataredamaged189.jpeg
packagingboxesthataredamaged7.jpeg,damaged,Toys,/content/package_data/train/damaged/packagingboxesthataredamaged7.jpeg
packagingboxesthataredamaged133.jpeg,damaged,Clothing,/content/package_data/train/damaged/packagingboxesthataredamaged133.jpeg
packagingboxesthataredamaged61.jpeg,damaged,Sports,/content/package_data/train/damaged/packagingboxesthataredamaged61.jpeg
packagingboxesthataredamaged216.jpeg,damaged,Books,/content/package_data/train/damaged/packagingboxesthataredamaged216.jpeg
damagedfoodpackagingbox279.jpeg,damaged,Home,/content/package_data/train/damaged/damagedfoodpackagingbox279.jpeg
packagingboxesthataredamaged27.jpeg,damaged,Toys,/content/package_data/train/damaged/packagingboxesthataredamaged27.jpeg
damagedfoodpackagingbox134.webp,damaged,Toys,/content/package_data/train/damaged/damagedfoodpackagingbox134.webp
damagedfoodpackagingbox92.webp,damaged,Sports,/content/package_data/train/damaged/damagedfoodpackagingbox92.webp
packagingboxeswithdamagesanddents18.jpeg,damaged,Books,/content/package_data/train/damaged/packagingboxeswithdamagesanddents18.jpeg
packagingboxeswithdamagesanddents17.jpeg,damaged,Toys,/content/package_data/train/damaged/packagingboxeswithdamagesanddents17.jpeg
packagingboxeswithdamagesanddents60.png,damaged,Beauty,/content/package_data/train/damaged/packagingboxeswithdamagesanddents60.png
packagingboxeswithdamagesanddents70.jpeg,damaged,Toys,/content/package_data/train/damaged/packagingboxeswithdamagesanddents70.jpeg
packagingboxesthataredamaged5.jpeg,damaged,Clothing,/content/package_data/train/damaged/packagingboxesthataredamaged5.jpeg
packagingboxesthataredamaged147.jpeg,damaged,Home,/content/package_data/train/damaged/packagingboxesthataredamaged147.jpeg
packagingboxesthataredamaged266.jpeg,damaged,Books,/content/package_data/train/damaged/packagingboxesthataredamaged266.jpeg
packagingboxesthataredamaged173.jpeg,damaged,Toys,/content/package_data/train/damaged/packagingboxesthataredamaged173.jpeg
packagingboxesthataredamaged13.jpeg,damaged,Electronics,/content/package_data/train/damaged/packagingboxesthataredamaged13.jpeg
damagedfoodpackagingbox6.jpeg,damaged,Toys,/content/package_data/train/damaged/damagedfoodpackagingbox6.jpeg
packagingboxesthataredamaged102.jpeg,damaged,Beauty,/content/package_data/train/damaged/packagingboxesthataredamaged102.jpeg
packagingboxeswithdamagesanddents76.webp,damaged,Electronics,/content/package_data/train/damaged/packagingboxeswithdamagesanddents76.webp
packagingboxeswithdamagesanddents30.jpeg,damaged,Beauty,/content/package_data/train/damaged/packagingboxeswithdamagesanddents30.jpeg
packagingboxeswithdamagesanddents35.jpeg,damaged,Electronics,/content/package_data/train/damaged/packagingboxeswithdamagesanddents35.jpeg
packagingboxesthataredamaged174.jpeg,damaged,Toys,/content/package_data/train/damaged/packagingboxesthataredamaged174.jpeg
damagedfoodpackagingbox113.jpeg,damaged,Books,/content/package_data/train/damaged/damagedfoodpackagingbox113.jpeg
damagedfoodpackagingbox122.jpeg,damaged,Home,/content/package_data/train/damaged/damagedfoodpackagingbox122.jpeg
packagingboxesthataredamaged284.jpeg,damaged,Electronics,/content/package_data/train/damaged/packagingboxesthataredamaged284.jpeg
damagedfoodpackagingbox98.jpeg,damaged,Electronics,/content/package_data/train/damaged/damagedfoodpackagingbox98.jpeg
damagedfoodpackagingbox31.png,damaged,Beauty,/content/package_data/train/damaged/damagedfoodpackagingbox31.png
packagingboxesthataredamaged8.jpeg,damaged,Books,/content/package_data/train/damaged/packagingboxesthataredamaged8.jpeg
packagingboxesthataredamaged35.jpeg,damaged,Toys,/content/package_data/train/damaged/packagingboxesthataredamaged35.jpeg
damagedfoodpackagingbox234.jpeg,damaged,Electronics,/content/package_data/train/damaged/damagedfoodpackagingbox234.jpeg
packagingboxesthataredamaged155.jpeg,damaged,Clothing,/content/package_data/train/damaged/packagingboxesthataredamaged155.jpeg
packagingboxeswithdamagesanddents31.jpeg,damaged,Home,/content/package_data/train/damaged/packagingboxeswithdamagesanddents31.jpeg
packagingboxesthataredamaged59.jpeg,damaged,Toys,/content/package_data/train/damaged/packagingboxesthataredamaged59.jpeg
packagingboxeswithdamagesanddents65.jpeg,damaged,Electronics,/content/package_data/train/damaged/packagingboxeswithdamagesanddents65.jpeg
packagingboxesthataredamaged46.jpeg,damaged,Sports,/content/package_data/train/damaged/packagingboxesthataredamaged46.jpeg
packagingboxeswithdamagesanddents14.jpeg,damaged,Toys,/content/package_data/train/damaged/packagingboxeswithdamagesanddents14.jpeg
packagingboxesthataredamaged42.png,damaged,Beauty,/content/package_data/train/damaged/packagingboxesthataredamaged42.png
packagingboxeswithdamagesanddents33.jpeg,damaged,Sports,/content/package_data/train/damaged/packagingboxeswithdamagesanddents33.jpeg
packagingboxeswithdamagesanddents75.jpeg,damaged,Sports,/content/package_data/train/damaged/packagingboxeswithdamagesanddents75.jpeg
packagingboxesthataredamaged215.jpeg,damaged,Beauty,/content/package_data/train/damaged/packagingboxesthataredamaged215.jpeg
packagingboxesthataredamaged94.jpeg,damaged,Sports,/content/package_data/train/damaged/packagingboxesthataredamaged94.jpeg
packagingboxesthataredamaged138.png,damaged,Books,/content/package_data/train/damaged/packagingboxesthataredamaged138.png
damagedfoodpackagingbox202.jpeg,damaged,Toys,/content/package_data/train/damaged/damagedfoodpackagingbox202.jpeg
packagingboxesthataredamaged110.webp,damaged,Home,/content/package_data/train/damaged/packagingboxesthataredamaged110.webp
packagingboxesthataredamaged64.jpeg,damaged,Sports,/content/package_data/train/damaged/packagingboxesthataredamaged64.jpeg
damagedfoodpackagingbox62.jpeg,damaged,Clothing,/content/package_data/train/damaged/damagedfoodpackagingbox62.jpeg
packagingboxeswithdamagesanddents82.jpeg,damaged,Sports,/content/package_data/train/damaged/packagingboxeswithdamagesanddents82.jpeg
damagedfoodpackagingbox20.jpeg,damaged,Home,/content/package_data/train/damaged/damagedfoodpackagingbox20.jpeg
packagingboxesthataredamaged295.jpeg,damaged,Sports,/content/package_data/train/damaged/packagingboxesthataredamaged295.jpeg
damagedfoodpackagingbox0.jpeg,damaged,Electronics,/content/package_data/train/damaged/damagedfoodpackagingbox0.jpeg
packagingboxesthataredamaged131.jpeg,damaged,Sports,/content/package_data/train/damaged/packagingboxesthataredamaged131.jpeg
damagedfoodpackagingbox3.jpeg,damaged,Toys,/content/package_data/train/damaged/damagedfoodpackagingbox3.jpeg
damagedfoodpackagingbox84.jpeg,damaged,Sports,/content/package_data/train/damaged/damagedfoodpackagingbox84.jpeg
packagingboxesthataredamaged226.jpeg,damaged,Sports,/content/package_data/train/damaged/packagingboxesthataredamaged226.jpeg
packagingboxesthataredamaged37.jpeg,damaged,Books,/content/package_data/train/damaged/packagingboxesthataredamaged37.jpeg
packagingboxeswithdamagesanddents45.jpeg,damaged,Toys,/content/package_data/train/damaged/packagingboxeswithdamagesanddents45.jpeg
packagingboxesthataredamaged38.jpeg,damaged,Sports,/content/package_data/train/damaged/packagingboxesthataredamaged38.jpeg
packagingboxesthataredamaged232.jpeg,damaged,Books,/content/package_data/train/damaged/packagingboxesthataredamaged232.jpeg
packagingboxeswithdamagesanddents66.jpeg,damaged,Toys,/content/package_data/train/damaged/packagingboxeswithdamagesanddents66.jpeg
packagingboxesthataredamaged57.jpeg,damaged,Clothing,/content/package_data/train/damaged/packagingboxesthataredamaged57.jpeg
packagingboxesthataredamaged32.jpeg,damaged,Books,/content/package_data/train/damaged/packagingboxesthataredamaged32.jpeg
damagedfoodpackagingbox278.jpeg,damaged,Beauty,/content/package_data/train/damaged/damagedfoodpackagingbox278.jpeg
packagingboxesthataredamaged248.jpeg,damaged,Sports,/content/package_data/train/damaged/packagingboxesthataredamaged248.jpeg
damagedfoodpackagingbox93.jpeg,damaged,Electronics,/content/package_data/train/damaged/damagedfoodpackagingbox93.jpeg
damagedfoodpackagingbox218.webp,damaged,Clothing,/content/package_data/train/damaged/damagedfoodpackagingbox218.webp
packagingboxesthataredamaged45.jpeg,damaged,Electronics,/content/package_data/train/damaged/packagingboxesthataredamaged45.jpeg
packagingboxesthataredamaged214.jpeg,damaged,Books,/content/package_data/train/damaged/packagingboxesthataredamaged214.jpeg
packagingboxesthataredamaged2.jpeg,damaged,Electronics,/content/package_data/train/damaged/packagingboxesthataredamaged2.jpeg
fooditemboxes22.jpeg,damaged,Toys,/content/package_data/train/damaged/fooditemboxes22.jpeg
damagedfoodpackagingbox73.png,damaged,Toys,/content/package_data/train/damaged/damagedfoodpackagingbox73.png
packagingboxesthataredamaged219.jpeg,damaged,Clothing,/content/package_data/train/damaged/packagingboxesthataredamaged219.jpeg
packagingboxesthataredamaged44.jpeg,damaged,Electronics,/content/package_data/train/damaged/packagingboxesthataredamaged44.jpeg
packagingboxeswithdamagesanddents63.jpeg,damaged,Electronics,/content/package_data/train/damaged/packagingboxeswithdamagesanddents63.jpeg
packagingboxesthataredamaged187.jpeg,damaged,Toys,/content/package_data/train/damaged/packagingboxesthataredamaged187.jpeg
packagingboxesthataredamaged154.jpeg,damaged,Sports,/content/package_data/train/damaged/packagingboxesthataredamaged154.jpeg
packagingboxesthataredamaged15.jpeg,damaged,Books,/content/package_data/train/damaged/packagingboxesthataredamaged15.jpeg
damagedfoodpackagingbox66.jpeg,damaged,Beauty,/content/package_data/train/damaged/damagedfoodpackagingbox66.jpeg
packagingboxeswithdamagesanddents56.jpeg,damaged,Books,/content/package_data/train/damaged/packagingboxeswithdamagesanddents56.jpeg
damagedfoodpackagingbox149.png,damaged,Electronics,/content/package_data/train/damaged/damagedfoodpackagingbox149.png
packagingboxesthataredamaged73.jpeg,damaged,Sports,/content/package_data/train/damaged/packagingboxesthataredamaged73.jpeg
damagedfoodpackagingbox30.jpeg,damaged,Clothing,/content/package_data/train/damaged/damagedfoodpackagingbox30.jpeg
packagingboxesthataredamaged60.jpeg,damaged,Home,/content/package_data/train/damaged/packagingboxesthataredamaged60.jpeg
packagingboxeswithdamagesanddents7.jpeg,damaged,Home,/content/package_data/train/damaged/packagingboxeswithdamagesanddents7.jpeg
packagingboxeswithdamagesanddents29.jpeg,damaged,Clothing,/content/package_data/train/damaged/packagingboxeswithdamagesanddents29.jpeg
packagingboxesthataredamaged237.jpeg,damaged,Books,/content/package_data/train/damaged/packagingboxesthataredamaged237.jpeg
packagingboxesthataredamaged97.jpeg,damaged,Toys,/content/package_data/train/damaged/packagingboxesthataredamaged97.jpeg
packagingboxesthataredamaged21.jpeg,damaged,Electronics,/content/package_data/train/damaged/packagingboxesthataredamaged21.jpeg
damagedfoodpackagingbox36.jpeg,damaged,Sports,/content/package_data/train/damaged/damagedfoodpackagingbox36.jpeg
packagingboxeswithdamagesanddents59.png,damaged,Electronics,/content/package_data/train/damaged/packagingboxeswithdamagesanddents59.png
packagingboxesthataredamaged169.png,damaged,Electronics,/content/package_data/train/damaged/packagingboxesthataredamaged169.png
damagedfoodpackagingbox53.jpeg,damaged,Toys,/content/package_data/train/damaged/damagedfoodpackagingbox53.jpeg
damagedfoodpackagingbox181.jpeg,damaged,Electronics,/content/package_data/train/damaged/damagedfoodpackagingbox181.jpeg
packagingboxesthataredamaged254.jpeg,damaged,Toys,/content/package_data/train/damaged/packagingboxesthataredamaged254.jpeg
packagingboxesthataredamaged252.jpeg,damaged,Clothing,/content/package_data/train/damaged/packagingboxesthataredamaged252.jpeg
packagingboxesthataredamaged238.png,damaged,Books,/content/package_data/train/damaged/packagingboxesthataredamaged238.png
packagingboxesthataredamaged71.jpeg,damaged,Books,/content/package_data/train/damaged/packagingboxesthataredamaged71.jpeg
packagingboxeswithdamagesanddents51.jpeg,damaged,Sports,/content/package_data/train/damaged/packagingboxeswithdamagesanddents51.jpeg
damagedfoodpackagingbox58.jpeg,damaged,Sports,/content/package_data/train/damaged/damagedfoodpackagingbox58.jpeg
packagingboxesthataredamaged23.jpeg,damaged,Home,/content/package_data/train/damaged/packagingboxesthataredamaged23.jpeg
damagedfoodpackagingbox244.jpeg,damaged,Clothing,/content/package_data/train/damaged/damagedfoodpackagingbox244.jpeg
packagingboxesthataredamaged235.jpeg,damaged,Electronics,/content/package_data/train/damaged/packagingboxesthataredamaged235.jpeg
damagedfoodpackagingbox8.jpeg,damaged,Clothing,/content/package_data/train/damaged/damagedfoodpackagingbox8.jpeg
packagingboxeswithdamagesanddents6.jpeg,damaged,Toys,/content/package_data/train/damaged/packagingboxeswithdamagesanddents6.jpeg
packagingboxeswithdamagesanddents41.webp,damaged,Beauty,/content/package_data/train/damaged/packagingboxeswithdamagesanddents41.webp
packagingboxesthataredamaged34.jpeg,damaged,Books,/content/package_data/train/damaged/packagingboxesthataredamaged34.jpeg
packagingboxeswithdamagesanddents58.jpeg,damaged,Sports,/content/package_data/train/damaged/packagingboxeswithdamagesanddents58.jpeg
packagingboxeswithdamagesanddents24.jpeg,damaged,Sports,/content/package_data/train/damaged/packagingboxeswithdamagesanddents24.jpeg
packagingboxeswithdamagesanddents19.jpeg,damaged,Toys,/content/package_data/train/damaged/packagingboxeswithdamagesanddents19.jpeg
packagingboxesthataredamaged132.jpeg,damaged,Home,/content/package_data/train/damaged/packagingboxesthataredamaged132.jpeg
damagedfoodpackagingbox14.jpeg,damaged,Home,/content/package_data/train/damaged/damagedfoodpackagingbox14.jpeg
packagingboxesthataredamaged66.jpeg,damaged,Electronics,/content/package_data/train/damaged/packagingboxesthataredamaged66.jpeg
packagingboxesthataredamaged239.jpeg,damaged,Clothing,/content/package_data/train/damaged/packagingboxesthataredamaged239.jpeg
packagingboxesthataredamaged234.jpeg,damaged,Sports,/content/package_data/train/damaged/packagingboxesthataredamaged234.jpeg
packagingboxeswithdamagesanddents78.jpeg,damaged,Toys,/content/package_data/train/damaged/packagingboxeswithdamagesanddents78.jpeg
damagedfoodpackagingbox168.jpeg,damaged,Electronics,/content/package_data/train/damaged/damagedfoodpackagingbox168.jpeg
damagedfoodpackagingbox150.jpeg,damaged,Sports,/content/package_data/train/damaged/damagedfoodpackagingbox150.jpeg
packagingboxeswithdamagesanddents48.jpeg,damaged,Toys,/content/package_data/train/damaged/packagingboxeswithdamagesanddents48.jpeg
packagingboxesthataredamaged158.jpeg,damaged,Beauty,/content/package_data/train/damaged/packagingboxesthataredamaged158.jpeg
packagingboxesthataredamaged120.jpeg,damaged,Sports,/content/package_data/train/damaged/packagingboxesthataredamaged120.jpeg
packagingboxesthataredamaged171.jpeg,damaged,Sports,/content/package_data/train/damaged/packagingboxesthataredamaged171.jpeg
packagingboxesthataredamaged217.jpeg,damaged,Beauty,/content/package_data/train/damaged/packagingboxesthataredamaged217.jpeg
packagingboxesthataredamaged198.jpeg,damaged,Clothing,/content/package_data/train/damaged/packagingboxesthataredamaged198.jpeg
packagingboxesthataredamaged9.jpeg,damaged,Toys,/content/package_data/train/damaged/packagingboxesthataredamaged9.jpeg
damagedfoodpackagingbox288.jpeg,damaged,Electronics,/content/package_data/train/damaged/damagedfoodpackagingbox288.jpeg
packagingboxesthataredamaged294.jpeg,damaged,Clothing,/content/package_data/train/damaged/packagingboxesthataredamaged294.jpeg
damagedfoodpackagingbox252.webp,damaged,Beauty,/content/package_data/train/damaged/damagedfoodpackagingbox252.webp
packagingboxesthataredamaged24.jpeg,damaged,Books,/content/package_data/train/damaged/packagingboxesthataredamaged24.jpeg
packagingboxesthataredamaged251.jpeg,damaged,Toys,/content/package_data/train/damaged/packagingboxesthataredamaged251.jpeg
damagedfoodpackagingbox189.png,damaged,Books,/content/package_data/train/damaged/damagedfoodpackagingbox189.png
damagedfoodpackagingbox126.jpeg,damaged,Home,/content/package_data/train/damaged/damagedfoodpackagingbox126.jpeg
packagingboxesthataredamaged108.jpeg,damaged,Home,/content/package_data/train/damaged/packagingboxesthataredamaged108.jpeg
packagingboxesthataredamaged36.jpeg,damaged,Clothing,/content/package_data/train/damaged/packagingboxesthataredamaged36.jpeg
packagingboxeswithdamagesanddents71.jpeg,damaged,Books,/content/package_data/train/damaged/packagingboxeswithdamagesanddents71.jpeg
packagingboxesthataredamaged41.jpeg,damaged,Home,/content/package_data/train/damaged/packagingboxesthataredamaged41.jpeg
packagingboxesthataredamaged77.webp,damaged,Electronics,/content/package_data/train/damaged/packagingboxesthataredamaged77.webp
packagingboxeswithdamagesanddents3.jpeg,damaged,Clothing,/content/package_data/train/damaged/packagingboxeswithdamagesanddents3.jpeg
damagedfoodpackagingbox9.png,damaged,Sports,/content/package_data/train/damaged/damagedfoodpackagingbox9.png
packagingboxesthataredamaged18.jpeg,damaged,Toys,/content/package_data/train/damaged/packagingboxesthataredamaged18.jpeg
packagingboxesthataredamaged40.jpeg,damaged,Sports,/content/package_data/train/damaged/packagingboxesthataredamaged40.jpeg
packagingboxesthataredamaged224.jpeg,damaged,Home,/content/package_data/train/damaged/packagingboxesthataredamaged224.jpeg
packagingboxesthataredamaged88.jpeg,damaged,Electronics,/content/package_data/train/damaged/packagingboxesthataredamaged88.jpeg
packagingboxesthataredamaged249.png,damaged,Home,/content/package_data/train/damaged/packagingboxesthataredamaged249.png
damagedfoodpackagingbox4.jpeg,damaged,Toys,/content/package_data/train/damaged/damagedfoodpackagingbox4.jpeg
packagingboxesthataredamaged80.jpeg,damaged,Toys,/content/package_data/train/damaged/packagingboxesthataredamaged80.jpeg
damagedfoodpackagingbox42.jpeg,damaged,Books,/content/package_data/train/damaged/damagedfoodpackagingbox42.jpeg
damagedfoodpackagingbox233.jpeg,damaged,Books,/content/package_data/train/damaged/damagedfoodpackagingbox233.jpeg
packagingboxesthataredamaged188.png,damaged,Beauty,/content/package_data/train/damaged/packagingboxesthataredamaged188.png
damagedfoodpackagingbox203.jpeg,damaged,Clothing,/content/package_data/train/damaged/damagedfoodpackagingbox203.jpeg
packagingboxesthataredamaged20.jpeg,damaged,Electronics,/content/package_data/train/damaged/packagingboxesthataredamaged20.jpeg
packagingboxeswithdamagesanddents12.jpeg,damaged,Toys,/content/package_data/train/damaged/packagingboxeswithdamagesanddents12.jpeg
packagingboxesthataredamaged148.jpeg,damaged,Beauty,/content/package_data/train/damaged/packagingboxesthataredamaged148.jpeg
packagingboxesthataredamaged149.jpeg,damaged,Sports,/content/package_data/train/damaged/packagingboxesthataredamaged149.jpeg
damagedfoodpackagingbox123.jpeg,damaged,Clothing,/content/package_data/train/damaged/damagedfoodpackagingbox123.jpeg
packagingboxesthataredamaged84.jpeg,damaged,Toys,/content/package_data/train/damaged/packagingboxesthataredamaged84.jpeg
packagingboxeswithdamagesanddents1.jpeg,damaged,Toys,/content/package_data/train/damaged/packagingboxeswithdamagesanddents1.jpeg
packagingboxesthataredamaged76.jpeg,damaged,Clothing,/content/package_data/train/damaged/packagingboxesthataredamaged76.jpeg
packagingboxesthataredamaged137.png,damaged,Home,/content/package_data/train/damaged/packagingboxesthataredamaged137.png
packagingboxesthataredamaged233.jpeg,damaged,Books,/content/package_data/train/damaged/packagingboxesthataredamaged233.jpeg
packagingboxesthataredamaged100.jpeg,damaged,Toys,/content/package_data/train/damaged/packagingboxesthataredamaged100.jpeg
packagingboxesthataredamaged85.jpeg,damaged,Books,/content/package_data/train/damaged/packagingboxesthataredamaged85.jpeg
packagingboxesthataredamaged269.jpeg,damaged,Clothing,/content/package_data/train/damaged/packagingboxesthataredamaged269.jpeg
packagingboxesthataredamaged17.jpeg,damaged,Home,/content/package_data/train/damaged/packagingboxesthataredamaged17.jpeg
packagingboxeswithdamagesanddents88.jpeg,damaged,Home,/content/package_data/train/damaged/packagingboxeswithdamagesanddents88.jpeg
packagingboxeswithdamagesanddents2.jpeg,damaged,Sports,/content/package_data/train/damaged/packagingboxeswithdamagesanddents2.jpeg
packagingboxesthataredamaged123.jpeg,damaged,Clothing,/content/package_data/train/damaged/packagingboxesthataredamaged123.jpeg
packagingboxesthataredamaged95.jpeg,damaged,Books,/content/package_data/train/damaged/packagingboxesthataredamaged95.jpeg
packagingboxesthataredamaged127.jpeg,damaged,Home,/content/package_data/train/damaged/packagingboxesthataredamaged127.jpeg
packagingboxesthataredamaged211.jpeg,damaged,Beauty,/content/package_data/train/damaged/packagingboxesthataredamaged211.jpeg
packagingboxesthataredamaged168.jpeg,damaged,Toys,/content/package_data/train/damaged/packagingboxesthataredamaged168.jpeg
packagingboxesthataredamaged223.jpeg,damaged,Toys,/content/package_data/train/damaged/packagingboxesthataredamaged223.jpeg
packagingboxesthataredamaged118.jpeg,damaged,Home,/content/package_data/train/damaged/packagingboxesthataredamaged118.jpeg
fooditemboxes6.jpeg,damaged,Sports,/content/package_data/train/damaged/fooditemboxes6.jpeg
damagedfoodpackagingbox148.jpeg,damaged,Toys,/content/package_data/train/damaged/damagedfoodpackagingbox148.jpeg
packagingboxeswithdamagesanddents8.jpeg,damaged,Books,/content/package_data/train/damaged/packagingboxeswithdamagesanddents8.jpeg
packagingboxesthataredamaged162.jpeg,damaged,Books,/content/package_data/train/damaged/packagingboxesthataredamaged162.jpeg
packagingboxesthataredamaged98.jpeg,damaged,Sports,/content/package_data/train/damaged/packagingboxesthataredamaged98.jpeg
damagedfoodpackagingbox254.jpeg,damaged,Electronics,/content/package_data/train/damaged/damagedfoodpackagingbox254.jpeg
packagingboxeswithdamagesanddents16.jpeg,damaged,Clothing,/content/package_data/train/damaged/packagingboxeswithdamagesanddents16.jpeg
packagingboxesthataredamaged19.png,damaged,Home,/content/package_data/train/damaged/packagingboxesthataredamaged19.png
packagingboxeswithdamagesanddents26.jpeg,damaged,Toys,/content/package_data/train/damaged/packagingboxeswithdamagesanddents26.jpeg
packagingboxesthataredamaged109.jpeg,damaged,Books,/content/package_data/train/damaged/packagingboxesthataredamaged109.jpeg
packagingboxeswithdamagesanddents5.jpeg,damaged,Electronics,/content/package_data/train/damaged/packagingboxeswithdamagesanddents5.jpeg
packagingboxeswithdamagesanddents11.jpeg,damaged,Clothing,/content/package_data/train/damaged/packagingboxeswithdamagesanddents11.jpeg
packagingboxeswithdamagesanddents13.jpeg,damaged,Beauty,/content/package_data/train/damaged/packagingboxeswithdamagesanddents13.jpeg
damagedfoodpackagingbox79.webp,damaged,Clothing,/content/package_data/train/damaged/damagedfoodpackagingbox79.webp
damagedfoodpackagingbox239.png,damaged,Books,/content/package_data/train/damaged/damagedfoodpackagingbox239.png
damagedfoodpackagingbox47.png,damaged,Electronics,/content/package_data/train/damaged/damagedfoodpackagingbox47.png
packagingboxesthataredamaged268.jpeg,damaged,Home,/content/package_data/train/damaged/packagingboxesthataredamaged268.jpeg
packagingboxesthataredamaged227.jpeg,damaged,Sports,/content/package_data/train/damaged/packagingboxesthataredamaged227.jpeg
packagingboxesthataredamaged70.png,damaged,Clothing,/content/package_data/train/damaged/packagingboxesthataredamaged70.png
packagingboxeswithdamagesanddents53.jpeg,damaged,Home,/content/package_data/train/damaged/packagingboxeswithdamagesanddents53.jpeg
packagingboxesthataredamaged105.jpeg,damaged,Home,/content/package_data/train/damaged/packagingboxesthataredamaged105.jpeg
damagedfoodpackagingbox116.jpeg,damaged,Toys,/content/package_data/train/damaged/damagedfoodpackagingbox116.jpeg
damagedfoodpackagingbox283.jpeg,damaged,Toys,/content/package_data/train/damaged/damagedfoodpackagingbox283.jpeg
damagedfoodpackagingbox180.jpeg,damaged,Sports,/content/package_data/train/damaged/damagedfoodpackagingbox180.jpeg
packagingboxesthataredamaged250.jpeg,damaged,Toys,/content/package_data/train/damaged/packagingboxesthataredamaged250.jpeg
damagedfoodpackagingbox115.jpeg,damaged,Toys,/content/package_data/train/damaged/damagedfoodpackagingbox115.jpeg
packagingboxesthataredamaged22.jpeg,damaged,Electronics,/content/package_data/train/damaged/packagingboxesthataredamaged22.jpeg
packagingboxesthataredamaged28.jpeg,damaged,Books,/content/package_data/train/damaged/packagingboxesthataredamaged28.jpeg
damagedfoodpackagingbox88.jpeg,damaged,Clothing,/content/package_data/train/damaged/damagedfoodpackagingbox88.jpeg
packagingboxesthataredamaged43.jpeg,damaged,Toys,/content/package_data/train/damaged/packagingboxesthataredamaged43.jpeg
packagingboxesthataredamaged136.jpeg,damaged,Books,/content/package_data/train/damaged/packagingboxesthataredamaged136.jpeg
packagingboxeswithdamagesanddents80.jpeg,damaged,Electronics,/content/package_data/train/damaged/packagingboxeswithdamagesanddents80.jpeg
damagedfoodpackagingbox143.jpeg,damaged,Beauty,/content/package_data/train/damaged/damagedfoodpackagingbox143.jpeg
packagingboxesthataredamaged67.jpeg,damaged,Books,/content/package_data/train/damaged/packagingboxesthataredamaged67.jpeg
packagingboxesthataredamaged63.jpeg,damaged,Home,/content/package_data/train/damaged/packagingboxesthataredamaged63.jpeg
packagingboxesthataredamaged0.jpeg,damaged,Sports,/content/package_data/train/damaged/packagingboxesthataredamaged0.jpeg
damagedfoodpackagingbox77.jpeg,damaged,Beauty,/content/package_data/train/damaged/damagedfoodpackagingbox77.jpeg
packagingboxesthataredamaged33.jpeg,damaged,Sports,/content/package_data/train/damaged/packagingboxesthataredamaged33.jpeg
damagedfoodpackagingbox221.jpeg,damaged,Clothing,/content/package_data/train/damaged/damagedfoodpackagingbox221.jpeg
packagingboxesthataredamaged10.jpeg,damaged,Beauty,/content/package_data/train/damaged/packagingboxesthataredamaged10.jpeg
packagingboxesthataredamaged47.jpeg,damaged,Toys,/content/package_data/train/damaged/packagingboxesthataredamaged47.jpeg
packagingboxesthataredamaged245.jpeg,damaged,Sports,/content/package_data/train/damaged/packagingboxesthataredamaged245.jpeg
packagingboxes7.jpeg,intact,Toys,/content/package_data/train/intact/packagingboxes7.jpeg
packagingboxes254.jpeg,intact,Beauty,/content/package_data/train/intact/packagingboxes254.jpeg
packagingboxes285.jpeg,intact,Books,/content/package_data/train/intact/packagingboxes285.jpeg
medicinepackagingboxes92.jpeg,intact,Books,/content/package_data/train/intact/medicinepackagingboxes92.jpeg
fooditemboxes19.jpeg,intact,Sports,/content/package_data/train/intact/fooditemboxes19.jpeg
packagingboxes261.jpeg,intact,Beauty,/content/package_data/train/intact/packagingboxes261.jpeg
packagingboxes236.png,intact,Beauty,/content/package_data/train/intact/packagingboxes236.png
medicinepackagingboxes102.jpeg,intact,Beauty,/content/package_data/train/intact/medicinepackagingboxes102.jpeg
packagingboxes2.jpeg,intact,Electronics,/content/package_data/train/intact/packagingboxes2.jpeg
medicinepackagingboxes122.jpeg,intact,Books,/content/package_data/train/intact/medicinepackagingboxes122.jpeg
packagingboxes91.webp,intact,Beauty,/content/package_data/train/intact/packagingboxes91.webp
fooditemboxes57.jpeg,intact,Clothing,/content/package_data/train/intact/fooditemboxes57.jpeg
packagingboxes265.jpeg,intact,Toys,/content/package_data/train/intact/packagingboxes265.jpeg
fooditemboxes95.jpeg,intact,Clothing,/content/package_data/train/intact/fooditemboxes95.jpeg
packagingboxes213.jpeg,intact,Toys,/content/package_data/train/intact/packagingboxes213.jpeg
fooditemboxes122.jpeg,intact,Toys,/content/package_data/train/intact/fooditemboxes122.jpeg
fooditemboxes223.jpeg,intact,Clothing,/content/package_data/train/intact/fooditemboxes223.jpeg
medicinepackagingboxes37.jpeg,intact,Sports,/content/package_data/train/intact/medicinepackagingboxes37.jpeg
medicinepackagingboxes107.jpeg,intact,Clothing,/content/package_data/train/intact/medicinepackagingboxes107.jpeg
medicinepackagingboxes212.jpeg,intact,Electronics,/content/package_data/train/intact/medicinepackagingboxes212.jpeg
medicinepackagingboxes270.jpeg,intact,Sports,/content/package_data/train/intact/medicinepackagingboxes270.jpeg
medicinepackagingboxes293.jpeg,intact,Toys,/content/package_data/train/intact/medicinepackagingboxes293.jpeg
fooditemboxes18.jpeg,intact,Books,/content/package_data/train/intact/fooditemboxes18.jpeg
medicinepackagingboxes164.jpeg,intact,Books,/content/package_data/train/intact/medicinepackagingboxes164.jpeg
packagingboxes92.jpeg,intact,Electronics,/content/package_data/train/intact/packagingboxes92.jpeg
medicinepackagingboxes88.jpeg,intact,Sports,/content/package_data/train/intact/medicinepackagingboxes88.jpeg
medicinepackagingboxes2.jpeg,intact,Books,/content/package_data/train/intact/medicinepackagingboxes2.jpeg
fooditemboxes92.jpeg,intact,Sports,/content/package_data/train/intact/fooditemboxes92.jpeg
packagingboxes136.jpeg,intact,Beauty,/content/package_data/train/intact/packagingboxes136.jpeg
fooditemboxes165.jpeg,intact,Books,/content/package_data/train/intact/fooditemboxes165.jpeg
packagingboxes89.jpeg,intact,Toys,/content/package_data/train/intact/packagingboxes89.jpeg
medicinepackagingboxes0.jpeg,intact,Sports,/content/package_data/train/intact/medicinepackagingboxes0.jpeg
medicinepackagingboxes13.jpeg,intact,Clothing,/content/package_data/train/intact/medicinepackagingboxes13.jpeg
packagingboxes204.jpeg,intact,Electronics,/content/package_data/train/intact/packagingboxes204.jpeg
medicinepackagingboxes1.jpeg,intact,Home,/content/package_data/train/intact/medicinepackagingboxes1.jpeg
packagingboxes234.jpeg,intact,Clothing,/content/package_data/train/intact/packagingboxes234.jpeg
fooditemboxes12.jpeg,intact,Electronics,/content/package_data/train/intact/fooditemboxes12.jpeg
fooditemboxes124.jpeg,intact,Clothing,/content/package_data/train/intact/fooditemboxes124.jpeg
packagingboxes227.jpeg,intact,Books,/content/package_data/train/intact/packagingboxes227.jpeg
medicinepackagingboxes61.jpeg,intact,Toys,/content/package_data/train/intact/medicinepackagingboxes61.jpeg
packagingboxes5.jpeg,intact,Beauty,/content/package_data/train/intact/packagingboxes5.jpeg
fooditemboxes139.jpeg,intact,Clothing,/content/package_data/train/intact/fooditemboxes139.jpeg
fooditemboxes219.jpeg,intact,Sports,/content/package_data/train/intact/fooditemboxes219.jpeg
medicinepackagingboxes177.jpeg,intact,Clothing,/content/package_data/train/intact/medicinepackagingboxes177.jpeg
medicinepackagingboxes231.jpeg,intact,Sports,/content/package_data/train/intact/medicinepackagingboxes231.jpeg
fooditemboxes24.jpeg,intact,Books,/content/package_data/train/intact/fooditemboxes24.jpeg
packagingboxes259.webp,intact,Home,/content/package_data/train/intact/packagingboxes259.webp
packagingboxes41.webp,intact,Books,/content/package_data/train/intact/packagingboxes41.webp
medicinepackagingboxes124.jpeg,intact,Sports,/content/package_data/train/intact/medicinepackagingboxes124.jpeg
fooditemboxes64.jpeg,intact,Beauty,/content/package_data/train/intact/fooditemboxes64.jpeg
medicinepackagingboxes28.jpeg,intact,Sports,/content/package_data/train/intact/medicinepackagingboxes28.jpeg
fooditemboxes8.jpeg,intact,Clothing,/content/package_data/train/intact/fooditemboxes8.jpeg
packagingboxes48.webp,intact,Clothing,/content/package_data/train/intact/packagingboxes48.webp
medicinepackagingboxes142.jpeg,intact,Home,/content/package_data/train/intact/medicinepackagingboxes142.jpeg
medicinepackagingboxes52.jpeg,intact,Beauty,/content/package_data/train/intact/medicinepackagingboxes52.jpeg
packagingboxes22.jpeg,intact,Beauty,/content/package_data/train/intact/packagingboxes22.jpeg
medicinepackagingboxes173.png,intact,Books,/content/package_data/train/intact/medicinepackagingboxes173.png
fooditemboxes263.jpeg,intact,Electronics,/content/package_data/train/intact/fooditemboxes263.jpeg
fooditemboxes66.jpeg,intact,Toys,/content/package_data/train/intact/fooditemboxes66.jpeg
medicinepackagingboxes7.png,intact,Toys,/content/package_data/train/intact/medicinepackagingboxes7.png
packagingboxes266.jpeg,intact,Toys,/content/package_data/train/intact/packagingboxes266.jpeg
fooditemboxes255.jpeg,intact,Toys,/content/package_data/train/intact/fooditemboxes255.jpeg
fooditemboxes176.png,intact,Books,/content/package_data/train/intact/fooditemboxes176.png
medicinepackagingboxes264.jpeg,intact,Clothing,/content/package_data/train/intact/medicinepackagingboxes264.jpeg
medicinepackagingboxes25.jpeg,intact,Toys,/content/package_data/train/intact/medicinepackagingboxes25.jpeg
medicinepackagingboxes200.jpeg,intact,Clothing,/content/package_data/train/intact/medicinepackagingboxes200.jpeg
packagingboxes272.jpeg,intact,Electronics,/content/package_data/train/intact/packagingboxes272.jpeg
packagingboxes124.jpeg,intact,Toys,/content/package_data/train/intact/packagingboxes124.jpeg
medicinepackagingboxes56.png,intact,Home,/content/package_data/train/intact/medicinepackagingboxes56.png
medicinepackagingboxes263.jpeg,intact,Books,/content/package_data/train/intact/medicinepackagingboxes263.jpeg
medicinepackagingboxes169.webp,intact,Home,/content/package_data/train/intact/medicinepackagingboxes169.webp
packagingboxes258.webp,intact,Electronics,/content/package_data/train/intact/packagingboxes258.webp
medicinepackagingboxes106.jpeg,intact,Beauty,/content/package_data/train/intact/medicinepackagingboxes106.jpeg
medicinepackagingboxes170.webp,intact,Electronics,/content/package_data/train/intact/medicinepackagingboxes170.webp
medicinepackagingboxes10.jpeg,intact,Books,/content/package_data/train/intact/medicinepackagingboxes10.jpeg
medicinepackagingboxes144.jpeg,intact,Books,/content/package_data/train/intact/medicinepackagingboxes144.jpeg
fooditemboxes62.png,intact,Sports,/content/package_data/train/intact/fooditemboxes62.png
medicinepackagingboxes219.jpeg,intact,Home,/content/package_data/train/intact/medicinepackagingboxes219.jpeg
fooditemboxes112.webp,intact,Sports,/content/package_data/train/intact/fooditemboxes112.webp
packagingboxes97.jpeg,intact,Electronics,/content/package_data/train/intact/packagingboxes97.jpeg
packagingboxes274.jpeg,intact,Home,/content/package_data/train/intact/packagingboxes274.jpeg
packagingboxes20.jpeg,intact,Sports,/content/package_data/train/intact/packagingboxes20.jpeg
medicinepackagingboxes90.jpeg,intact,Home,/content/package_data/train/intact/medicinepackagingboxes90.jpeg
medicinepackagingboxes207.jpeg,intact,Home,/content/package_data/train/intact/medicinepackagingboxes207.jpeg
fooditemboxes34.jpeg,intact,Books,/content/package_data/train/intact/fooditemboxes34.jpeg
medicinepackagingboxes237.jpeg,intact,Electronics,/content/package_data/train/intact/medicinepackagingboxes237.jpeg
packagingboxes4.jpeg,intact,Electronics,/content/package_data/train/intact/packagingboxes4.jpeg
packagingboxes150.jpeg,intact,Toys,/content/package_data/train/intact/packagingboxes150.jpeg
medicinepackagingboxes100.jpeg,intact,Clothing,/content/package_data/train/intact/medicinepackagingboxes100.jpeg
fooditemboxes232.jpeg,intact,Beauty,/content/package_data/train/intact/fooditemboxes232.jpeg
packagingboxes86.webp,intact,Clothing,/content/package_data/train/intact/packagingboxes86.webp
packagingboxes37.jpeg,intact,Sports,/content/package_data/train/intact/packagingboxes37.jpeg
packagingboxes290.jpeg,intact,Electronics,/content/package_data/train/intact/packagingboxes290.jpeg
medicinepackagingboxes47.webp,intact,Home,/content/package_data/train/intact/medicinepackagingboxes47.webp
fooditemboxes27.jpeg,intact,Toys,/content/package_data/train/intact/fooditemboxes27.jpeg
packagingboxes197.jpeg,intact,Home,/content/package_data/train/intact/packagingboxes197.jpeg
packagingboxes66.jpeg,intact,Books,/content/package_data/train/intact/packagingboxes66.jpeg
medicinepackagingboxes218.jpeg,intact,Electronics,/content/package_data/train/intact/medicinepackagingboxes218.jpeg
medicinepackagingboxes230.jpeg,intact,Electronics,/content/package_data/train/intact/medicinepackagingboxes230.jpeg
fooditemboxes241.jpeg,intact,Beauty,/content/package_data/train/intact/fooditemboxes241.jpeg
medicinepackagingboxes198.png,intact,Clothing,/content/package_data/train/intact/medicinepackagingboxes198.png
medicinepackagingboxes53.jpeg,intact,Electronics,/content/package_data/train/intact/medicinepackagingboxes53.jpeg
medicinepackagingboxes45.jpeg,intact,Sports,/content/package_data/train/intact/medicinepackagingboxes45.jpeg
fooditemboxes91.jpeg,intact,Beauty,/content/package_data/train/intact/fooditemboxes91.jpeg
packagingboxes198.jpeg,intact,Books,/content/package_data/train/intact/packagingboxes198.jpeg
medicinepackagingboxes5.jpeg,intact,Toys,/content/package_data/train/intact/medicinepackagingboxes5.jpeg
medicinepackagingboxes108.jpeg,intact,Electronics,/content/package_data/train/intact/medicinepackagingboxes108.jpeg
fooditemboxes52.jpeg,intact,Beauty,/content/package_data/train/intact/fooditemboxes52.jpeg
fooditemboxes231.jpeg,intact,Toys,/content/package_data/train/intact/fooditemboxes231.jpeg
packagingboxes147.jpeg,intact,Home,/content/package_data/train/intact/packagingboxes147.jpeg
fooditemboxes284.webp,intact,Books,/content/package_data/train/intact/fooditemboxes284.webp
medicinepackagingboxes129.jpeg,intact,Clothing,/content/package_data/train/intact/medicinepackagingboxes129.jpeg
fooditemboxes189.webp,intact,Toys,/content/package_data/train/intact/fooditemboxes189.webp
medicinepackagingboxes274.jpeg,intact,Clothing,/content/package_data/train/intact/medicinepackagingboxes274.jpeg
packagingboxes98.jpeg,intact,Home,/content/package_data/train/intact/packagingboxes98.jpeg
fooditemboxes163.jpeg,intact,Beauty,/content/package_data/train/intact/fooditemboxes163.jpeg
packagingboxes244.jpeg,intact,Beauty,/content/package_data/train/intact/packagingboxes244.jpeg
fooditemboxes113.webp,intact,Books,/content/package_data/train/intact/fooditemboxes113.webp
fooditemboxes166.jpeg,intact,Beauty,/content/package_data/train/intact/fooditemboxes166.jpeg
medicinepackagingboxes246.jpeg,intact,Sports,/content/package_data/train/intact/medicinepackagingboxes246.jpeg
medicinepackagingboxes162.jpeg,intact,Electronics,/content/package_data/train/intact/medicinepackagingboxes162.jpeg
packagingboxes31.webp,intact,Beauty,/content/package_data/train/intact/packagingboxes31.webp
packagingboxes277.jpeg,intact,Electronics,/content/package_data/train/intact/packagingboxes277.jpeg
fooditemboxes88.jpeg,intact,Toys,/content/package_data/train/intact/fooditemboxes88.jpeg
packagingboxes36.jpeg,intact,Beauty,/content/package_data/train/intact/packagingboxes36.jpeg
fooditemboxes89.jpeg,intact,Beauty,/content/package_data/train/intact/fooditemboxes89.jpeg
packagingboxes268.jpeg,intact,Home,/content/package_data/train/intact/packagingboxes268.jpeg
packagingboxes249.jpeg,intact,Books,/content/package_data/train/intact/packagingboxes249.jpeg
packagingboxes74.jpeg,intact,Clothing,/content/package_data/train/intact/packagingboxes74.jpeg
medicinepackagingboxes132.png,intact,Beauty,/content/package_data/train/intact/medicinepackagingboxes132.png
packagingboxes47.jpeg,intact,Beauty,/content/package_data/train/intact/packagingboxes47.jpeg
medicinepackagingboxes191.jpeg,intact,Books,/content/package_data/train/intact/medicinepackagingboxes191.jpeg
medicinepackagingboxes171.jpeg,intact,Toys,/content/package_data/train/intact/medicinepackagingboxes171.jpeg
packagingboxes103.jpeg,intact,Beauty,/content/package_data/train/intact/packagingboxes103.jpeg
medicinepackagingboxes63.jpeg,intact,Toys,/content/package_data/train/intact/medicinepackagingboxes63.jpeg
medicinepackagingboxes57.jpeg,intact,Sports,/content/package_data/train/intact/medicinepackagingboxes57.jpeg
packagingboxes270.webp,intact,Toys,/content/package_data/train/intact/packagingboxes270.webp
packagingboxes65.jpeg,intact,Books,/content/package_data/train/intact/packagingboxes65.jpeg
packagingboxes30.webp,intact,Sports,/content/package_data/train/intact/packagingboxes30.webp
medicinepackagingboxes259.webp,intact,Home,/content/package_data/train/intact/medicinepackagingboxes259.webp
medicinepackagingboxes23.jpeg,intact,Clothing,/content/package_data/train/intact/medicinepackagingboxes23.jpeg
packagingboxes146.webp,intact,Home,/content/package_data/train/intact/packagingboxes146.webp
packagingboxes126.png,intact,Electronics,/content/package_data/train/intact/packagingboxes126.png
fooditemboxes174.jpeg,intact,Clothing,/content/package_data/train/intact/fooditemboxes174.jpeg
medicinepackagingboxes143.jpeg,intact,Toys,/content/package_data/train/intact/medicinepackagingboxes143.jpeg
packagingboxes279.jpeg,intact,Home,/content/package_data/train/intact/packagingboxes279.jpeg
packagingboxes106.jpeg,intact,Clothing,/content/package_data/train/intact/packagingboxes106.jpeg
fooditemboxes115.jpeg,intact,Clothing,/content/package_data/train/intact/fooditemboxes115.jpeg
fooditemboxes170.webp,intact,Home,/content/package_data/train/intact/fooditemboxes170.webp
fooditemboxes36.webp,intact,Clothing,/content/package_data/train/intact/fooditemboxes36.webp
fooditemboxes56.jpeg,intact,Books,/content/package_data/train/intact/fooditemboxes56.jpeg
packagingboxes164.jpeg,intact,Clothing,/content/package_data/train/intact/packagingboxes164.jpeg
fooditemboxes55.jpeg,intact,Home,/content/package_data/train/intact/fooditemboxes55.jpeg
packagingboxes275.jpeg,intact,Toys,/content/package_data/train/intact/packagingboxes275.jpeg
medicinepackagingboxes197.png,intact,Home,/content/package_data/train/intact/medicinepackagingboxes197.png
medicinepackagingboxes196.jpeg,intact,Toys,/content/package_data/train/intact/medicinepackagingboxes196.jpeg
packagingboxes209.jpeg,intact,Books,/content/package_data/train/intact/packagingboxes209.jpeg
fooditemboxes60.jpeg,intact,Sports,/content/package_data/train/intact/fooditemboxes60.jpeg
fooditemboxes278.webp,intact,Electronics,/content/package_data/train/intact/fooditemboxes278.webp
medicinepackagingboxes292.png,intact,Beauty,/content/package_data/train/intact/medicinepackagingboxes292.png
packagingboxes73.jpeg,intact,Home,/content/package_data/train/intact/packagingboxes73.jpeg
medicinepackagingboxes128.jpeg,intact,Home,/content/package_data/train/intact/medicinepackagingboxes128.jpeg
packagingboxes262.jpeg,intact,Books,/content/package_data/train/intact/packagingboxes262.jpeg
fooditemboxes119.webp,intact,Toys,/content/package_data/train/intact/fooditemboxes119.webp
fooditemboxes104.jpeg,intact,Electronics,/content/package_data/train/intact/fooditemboxes104.jpeg
fooditemboxes5.jpeg,intact,Books,/content/package_data/train/intact/fooditemboxes5.jpeg
packagingboxes88.jpeg,intact,Beauty,/content/package_data/train/intact/packagingboxes88.jpeg
medicinepackagingboxes275.jpeg,intact,Home,/content/package_data/train/intact/medicinepackagingboxes275.jpeg
packagingboxes63.jpeg,intact,Clothing,/content/package_data/train/intact/packagingboxes63.jpeg
medicinepackagingboxes202.jpeg,intact,Electronics,/content/package_data/train/intact/medicinepackagingboxes202.jpeg
fooditemboxes85.jpeg,intact,Clothing,/content/package_data/train/intact/fooditemboxes85.jpeg
medicinepackagingboxes12.jpeg,intact,Clothing,/content/package_data/train/intact/medicinepackagingboxes12.jpeg
medicinepackagingboxes158.jpeg,intact,Beauty,/content/package_data/train/intact/medicinepackagingboxes158.jpeg
medicinepackagingboxes8.jpeg,intact,Beauty,/content/package_data/train/intact/medicinepackagingboxes8.jpeg
medicinepackagingboxes71.jpeg,intact,Sports,/content/package_data/train/intact/medicinepackagingboxes71.jpeg
fooditemboxes145.png,intact,Clothing,/content/package_data/train/intact/fooditemboxes145.png
medicinepackagingboxes105.jpeg,intact,Toys,/content/package_data/train/intact/medicinepackagingboxes105.jpeg
medicinepackagingboxes205.jpeg,intact,Home,/content/package_data/train/intact/medicinepackagingboxes205.jpeg
medicinepackagingboxes159.jpeg,intact,Books,/content/package_data/train/intact/medicinepackagingboxes159.jpeg
packagingboxes252.png,intact,Sports,/content/package_data/train/intact/packagingboxes252.png
medicinepackagingboxes26.jpeg,intact,Books,/content/package_data/train/intact/medicinepackagingboxes26.jpeg
packagingboxes111.jpeg,intact,Home,/content/package_data/train/intact/packagingboxes111.jpeg
medicinepackagingboxes255.webp,intact,Sports,/content/package_data/train/intact/medicinepackagingboxes255.webp
packagingboxes240.jpeg,intact,Electronics,/content/package_data/train/intact/packagingboxes240.jpeg
fooditemboxes246.jpeg,intact,Beauty,/content/package_data/train/intact/fooditemboxes246.jpeg
medicinepackagingboxes86.jpeg,intact,Home,/content/package_data/train/intact/medicinepackagingboxes86.jpeg
packagingboxes163.jpeg,intact,Electronics,/content/package_data/train/intact/packagingboxes163.jpeg
medicinepackagingboxes168.jpeg,intact,Clothing,/content/package_data/train/intact/medicinepackagingboxes168.jpeg
fooditemboxes50.jpeg,intact,Electronics,/content/package_data/train/intact/fooditemboxes50.jpeg
medicinepackagingboxes297.jpeg,intact,Electronics,/content/package_data/train/intact/medicinepackagingboxes297.jpeg
medicinepackagingboxes116.jpeg,intact,Books,/content/package_data/train/intact/medicinepackagingboxes116.jpeg
medicinepackagingboxes245.jpeg,intact,Toys,/content/package_data/train/intact/medicinepackagingboxes245.jpeg
medicinepackagingboxes216.jpeg,intact,Home,/content/package_data/train/intact/medicinepackagingboxes216.jpeg
packagingboxes201.jpeg,intact,Clothing,/content/package_data/train/intact/packagingboxes201.jpeg
packagingboxes208.jpeg,intact,Home,/content/package_data/train/intact/packagingboxes208.jpeg
packagingboxes151.png,intact,Clothing,/content/package_data/train/intact/packagingboxes151.png
medicinepackagingboxes244.jpeg,intact,Clothing,/content/package_data/train/intact/medicinepackagingboxes244.jpeg
medicinepackagingboxes137.jpeg,intact,Books,/content/package_data/train/intact/medicinepackagingboxes137.jpeg
packagingboxes45.jpeg,intact,Books,/content/package_data/train/intact/packagingboxes45.jpeg
packagingboxes90.jpeg,intact,Toys,/content/package_data/train/intact/packagingboxes90.jpeg
medicinepackagingboxes239.png,intact,Sports,/content/package_data/train/intact/medicinepackagingboxes239.png
packagingboxes253.jpeg,intact,Home,/content/package_data/train/intact/packagingboxes253.jpeg
medicinepackagingboxes65.jpeg,intact,Toys,/content/package_data/train/intact/medicinepackagingboxes65.jpeg
fooditemboxes140.jpeg,intact,Sports,/content/package_data/train/intact/fooditemboxes140.jpeg
medicinepackagingboxes101.jpeg,intact,Clothing,/content/package_data/train/intact/medicinepackagingboxes101.jpeg
fooditemboxes169.webp,intact,Home,/content/package_data/train/intact/fooditemboxes169.webp
medicinepackagingboxes91.jpeg,intact,Electronics,/content/package_data/train/intact/medicinepackagingboxes91.jpeg
medicinepackagingboxes35.jpeg,intact,Electronics,/content/package_data/train/intact/medicinepackagingboxes35.jpeg
medicinepackagingboxes51.jpeg,intact,Clothing,/content/package_data/train/intact/medicinepackagingboxes51.jpeg
packagingboxes85.jpeg,intact,Home,/content/package_data/train/intact/packagingboxes85.jpeg
packagingboxes221.jpeg,intact,Electronics,/content/package_data/train/intact/packagingboxes221.jpeg
medicinepackagingboxes268.jpeg,intact,Sports,/content/package_data/train/intact/medicinepackagingboxes268.jpeg
medicinepackagingboxes223.jpeg,intact,Beauty,/content/package_data/train/intact/medicinepackagingboxes223.jpeg
packagingboxes49.webp,intact,Sports,/content/package_data/train/intact/packagingboxes49.webp
medicinepackagingboxes113.jpeg,intact,Home,/content/package_data/train/intact/medicinepackagingboxes113.jpeg
fooditemboxes116.jpeg,intact,Sports,/content/package_data/train/intact/fooditemboxes116.jpeg
medicinepackagingboxes18.jpeg,intact,Home,/content/package_data/train/intact/medicinepackagingboxes18.jpeg
medicinepackagingboxes222.jpeg,intact,Sports,/content/package_data/train/intact/medicinepackagingboxes222.jpeg
medicinepackagingboxes163.jpeg,intact,Clothing,/content/package_data/train/intact/medicinepackagingboxes163.jpeg
packagingboxes223.png,intact,Home,/content/package_data/train/intact/packagingboxes223.png
packagingboxes289.jpeg,intact,Sports,/content/package_data/train/intact/packagingboxes289.jpeg
packagingboxes32.jpeg,intact,Books,/content/package_data/train/intact/packagingboxes32.jpeg
fooditemboxes152.jpeg,intact,Electronics,/content/package_data/train/intact/fooditemboxes152.jpeg
medicinepackagingboxes271.jpeg,intact,Clothing,/content/package_data/train/intact/medicinepackagingboxes271.jpeg
medicinepackagingboxes277.webp,intact,Books,/content/package_data/train/intact/medicinepackagingboxes277.webp
medicinepackagingboxes262.jpeg,intact,Sports,/content/package_data/train/intact/medicinepackagingboxes262.jpeg
packagingboxes54.jpeg,intact,Clothing,/content/package_data/train/intact/packagingboxes54.jpeg
medicinepackagingboxes21.jpeg,intact,Toys,/content/package_data/train/intact/medicinepackagingboxes21.jpeg
packagingboxes157.jpeg,intact,Electronics,/content/package_data/train/intact/packagingboxes157.jpeg
medicinepackagingboxes62.jpeg,intact,Home,/content/package_data/train/intact/medicinepackagingboxes62.jpeg
fooditemboxes147.jpeg,intact,Electronics,/content/package_data/train/intact/fooditemboxes147.jpeg
packagingboxes255.jpeg,intact,Electronics,/content/package_data/train/intact/packagingboxes255.jpeg
medicinepackagingboxes267.jpeg,intact,Sports,/content/package_data/train/intact/medicinepackagingboxes267.jpeg
packagingboxes78.jpeg,intact,Toys,/content/package_data/train/intact/packagingboxes78.jpeg
medicinepackagingboxes67.jpeg,intact,Electronics,/content/package_data/train/intact/medicinepackagingboxes67.jpeg
medicinepackagingboxes248.jpeg,intact,Beauty,/content/package_data/train/intact/medicinepackagingboxes248.jpeg
medicinepackagingboxes208.jpeg,intact,Sports,/content/package_data/train/intact/medicinepackagingboxes208.jpeg
medicinepackagingboxes260.jpeg,intact,Books,/content/package_data/train/intact/medicinepackagingboxes260.jpeg
medicinepackagingboxes145.jpeg,intact,Home,/content/package_data/train/intact/medicinepackagingboxes145.jpeg
medicinepackagingboxes121.jpeg,intact,Electronics,/content/package_data/train/intact/medicinepackagingboxes121.jpeg
fooditemboxes106.jpeg,intact,Electronics,/content/package_data/train/intact/fooditemboxes106.jpeg
packagingboxes183.jpeg,intact,Beauty,/content/package_data/train/intact/packagingboxes183.jpeg
fooditemboxes289.jpeg,intact,Beauty,/content/package_data/train/intact/fooditemboxes289.jpeg
medicinepackagingboxes252.jpeg,intact,Toys,/content/package_data/train/intact/medicinepackagingboxes252.jpeg
packagingboxes161.png,intact,Clothing,/content/package_data/train/intact/packagingboxes161.png
packagingboxes187.jpeg,intact,Sports,/content/package_data/train/intact/packagingboxes187.jpeg
fooditemboxes11.jpeg,intact,Home,/content/package_data/train/intact/fooditemboxes11.jpeg
medicinepackagingboxes70.jpeg,intact,Toys,/content/package_data/train/intact/medicinepackagingboxes70.jpeg
medicinepackagingboxes243.jpeg,intact,Books,/content/package_data/train/intact/medicinepackagingboxes243.jpeg
packagingboxes115.jpeg,intact,Books,/content/package_data/train/intact/packagingboxes115.jpeg
fooditemboxes3.jpeg,intact,Toys,/content/package_data/train/intact/fooditemboxes3.jpeg
packagingboxes42.webp,intact,Toys,/content/package_data/train/intact/packagingboxes42.webp
medicinepackagingboxes133.jpeg,intact,Books,/content/package_data/train/intact/medicinepackagingboxes133.jpeg
packagingboxes75.jpeg,intact,Books,/content/package_data/train/intact/packagingboxes75.jpeg
packagingboxes205.jpeg,intact,Home,/content/package_data/train/intact/packagingboxes205.jpeg
medicinepackagingboxes103.jpeg,intact,Sports,/content/package_data/train/intact/medicinepackagingboxes103.jpeg
fooditemboxes288.webp,intact,Clothing,/content/package_data/train/intact/fooditemboxes288.webp
fooditemboxes105.webp,intact,Electronics,/content/package_data/train/intact/fooditemboxes105.webp
fooditemboxes83.png,intact,Home,/content/package_data/train/intact/fooditemboxes83.png
medicinepackagingboxes85.jpeg,intact,Home,/content/package_data/train/intact/medicinepackagingboxes85.jpeg
medicinepackagingboxes139.jpeg,intact,Toys,/content/package_data/train/intact/medicinepackagingboxes139.jpeg
medicinepackagingboxes273.jpeg,intact,Electronics,/content/package_data/train/intact/medicinepackagingboxes273.jpeg
medicinepackagingboxes72.jpeg,intact,Books,/content/package_data/train/intact/medicinepackagingboxes72.jpeg
medicinepackagingboxes192.jpeg,intact,Sports,/content/package_data/train/intact/medicinepackagingboxes192.jpeg
fooditemboxes126.jpeg,intact,Sports,/content/package_data/train/intact/fooditemboxes126.jpeg
medicinepackagingboxes269.jpeg,intact,Sports,/content/package_data/train/intact/medicinepackagingboxes269.jpeg
medicinepackagingboxes22.jpeg,intact,Sports,/content/package_data/train/intact/medicinepackagingboxes22.jpeg
fooditemboxes107.jpeg,intact,Books,/content/package_data/train/intact/fooditemboxes107.jpeg
medicinepackagingboxes294.jpeg,intact,Toys,/content/package_data/train/intact/medicinepackagingboxes294.jpeg
packagingboxes81.jpeg,intact,Electronics,/content/package_data/train/intact/packagingboxes81.jpeg
medicinepackagingboxes161.jpeg,intact,Clothing,/content/package_data/train/intact/medicinepackagingboxes161.jpeg
medicinepackagingboxes250.jpeg,intact,Clothing,/content/package_data/train/intact/medicinepackagingboxes250.jpeg
medicinepackagingboxes288.jpeg,intact,Toys,/content/package_data/train/intact/medicinepackagingboxes288.jpeg
packagingboxes260.webp,intact,Home,/content/package_data/train/intact/packagingboxes260.webp
fooditemboxes20.jpeg,intact,Beauty,/content/package_data/train/intact/fooditemboxes20.jpeg
medicinepackagingboxes211.jpeg,intact,Clothing,/content/package_data/train/intact/medicinepackagingboxes211.jpeg
medicinepackagingboxes31.jpeg,intact,Beauty,/content/package_data/train/intact/medicinepackagingboxes31.jpeg
fooditemboxes61.jpeg,intact,Electronics,/content/package_data/train/intact/fooditemboxes61.jpeg
medicinepackagingboxes175.jpeg,intact,Clothing,/content/package_data/train/intact/medicinepackagingboxes175.jpeg
packagingboxes206.jpeg,intact,Toys,/content/package_data/train/intact/packagingboxes206.jpeg
medicinepackagingboxes3.jpeg,intact,Sports,/content/package_data/train/intact/medicinepackagingboxes3.jpeg
medicinepackagingboxes220.jpeg,intact,Beauty,/content/package_data/train/intact/medicinepackagingboxes220.jpeg
medicinepackagingboxes233.webp,intact,Beauty,/content/package_data/train/intact/medicinepackagingboxes233.webp
packagingboxes128.webp,intact,Clothing,/content/package_data/train/intact/packagingboxes128.webp
packagingboxes178.jpeg,intact,Home,/content/package_data/train/intact/packagingboxes178.jpeg
medicinepackagingboxes4.jpeg,intact,Electronics,/content/package_data/train/intact/medicinepackagingboxes4.jpeg
fooditemboxes53.jpeg,intact,Beauty,/content/package_data/train/intact/fooditemboxes53.jpeg
medicinepackagingboxes6.jpeg,intact,Sports,/content/package_data/train/intact/medicinepackagingboxes6.jpeg
medicinepackagingboxes40.jpeg,intact,Books,/content/package_data/train/intact/medicinepackagingboxes40.jpeg
fooditemboxes23.jpeg,intact,Books,/content/package_data/train/intact/fooditemboxes23.jpeg
packagingboxes196.jpeg,intact,Sports,/content/package_data/train/intact/packagingboxes196.jpeg
medicinepackagingboxes83.webp,intact,Toys,/content/package_data/train/intact/medicinepackagingboxes83.webp
fooditemboxes30.jpeg,intact,Beauty,/content/package_data/train/intact/fooditemboxes30.jpeg
fooditemboxes173.jpeg,intact,Sports,/content/package_data/train/intact/fooditemboxes173.jpeg
fooditemboxes59.jpeg,intact,Toys,/content/package_data/train/intact/fooditemboxes59.jpeg
packagingboxes281.jpeg,intact,Toys,/content/package_data/train/intact/packagingboxes281.jpeg
fooditemboxes233.jpeg,intact,Electronics,/content/package_data/train/intact/fooditemboxes233.jpeg
packagingboxes216.jpeg,intact,Clothing,/content/package_data/train/intact/packagingboxes216.jpeg
medicinepackagingboxes64.jpeg,intact,Beauty,/content/package_data/train/intact/medicinepackagingboxes64.jpeg
medicinepackagingboxes141.jpeg,intact,Beauty,/content/package_data/train/intact/medicinepackagingboxes141.jpeg
medicinepackagingboxes136.jpeg,intact,Sports,/content/package_data/train/intact/medicinepackagingboxes136.jpeg
medicinepackagingboxes118.jpeg,intact,Sports,/content/package_data/train/intact/medicinepackagingboxes118.jpeg
medicinepackagingboxes249.jpeg,intact,Home,/content/package_data/train/intact/medicinepackagingboxes249.jpeg
medicinepackagingboxes44.jpeg,intact,Clothing,/content/package_data/train/intact/medicinepackagingboxes44.jpeg
packagingboxes79.jpeg,intact,Home,/content/package_data/train/intact/packagingboxes79.jpeg
medicinepackagingboxes78.jpeg,intact,Home,/content/package_data/train/intact/medicinepackagingboxes78.jpeg
fooditemboxes144.jpeg,intact,Clothing,/content/package_data/train/intact/fooditemboxes144.jpeg
packagingboxes225.jpeg,intact,Books,/content/package_data/train/intact/packagingboxes225.jpeg
packagingboxes228.jpeg,intact,Beauty,/content/package_data/train/intact/packagingboxes228.jpeg
medicinepackagingboxes68.jpeg,intact,Sports,/content/package_data/train/intact/medicinepackagingboxes68.jpeg
medicinepackagingboxes30.jpeg,intact,Toys,/content/package_data/train/intact/medicinepackagingboxes30.jpeg
medicinepackagingboxes87.jpeg,intact,Clothing,/content/package_data/train/intact/medicinepackagingboxes87.jpeg
medicinepackagingboxes167.jpeg,intact,Home,/content/package_data/train/intact/medicinepackagingboxes167.jpeg
fooditemboxes77.jpeg,intact,Beauty,/content/package_data/train/intact/fooditemboxes77.jpeg
medicinepackagingboxes149.jpeg,intact,Sports,/content/package_data/train/intact/medicinepackagingboxes149.jpeg
medicinepackagingboxes73.jpeg,intact,Beauty,/content/package_data/train/intact/medicinepackagingboxes73.jpeg
medicinepackagingboxes229.jpeg,intact,Sports,/content/package_data/train/intact/medicinepackagingboxes229.jpeg
fooditemboxes132.jpeg,intact,Electronics,/content/package_data/train/intact/fooditemboxes132.jpeg
fooditemboxes194.jpeg,intact,Toys,/content/package_data/train/intact/fooditemboxes194.jpeg
packagingboxes171.jpeg,intact,Beauty,/content/package_data/train/intact/packagingboxes171.jpeg
packagingboxes0.jpeg,intact,Sports,/content/package_data/train/intact/packagingboxes0.jpeg
medicinepackagingboxes80.jpeg,intact,Electronics,/content/package_data/train/intact/medicinepackagingboxes80.jpeg
medicinepackagingboxes279.jpeg,intact,Electronics,/content/package_data/train/intact/medicinepackagingboxes279.jpeg
medicinepackagingboxes115.jpeg,intact,Home,/content/package_data/train/intact/medicinepackagingboxes115.jpeg
fooditemboxes16.jpeg,intact,Beauty,/content/package_data/train/intact/fooditemboxes16.jpeg
fooditemboxes125.jpeg,intact,Electronics,/content/package_data/train/intact/fooditemboxes125.jpeg
packagingboxes28.png,intact,Toys,/content/package_data/train/intact/packagingboxes28.png
fooditemboxes28.jpeg,intact,Books,/content/package_data/train/intact/fooditemboxes28.jpeg
packagingboxesthataredamaged241.jpeg,damaged,Books,/content/package_data/val/damaged/packagingboxesthataredamaged241.jpeg
damagedfoodpackagingbox52.jpeg,damaged,Electronics,/content/package_data/val/damaged/damagedfoodpackagingbox52.jpeg
packagingboxesthataredamaged288.jpeg,damaged,Sports,/content/package_data/val/damaged/packagingboxesthataredamaged288.jpeg
packagingboxesthataredamaged25.jpeg,damaged,Beauty,/content/package_data/val/damaged/packagingboxesthataredamaged25.jpeg
packagingboxesthataredamaged39.png,damaged,Home,/content/package_data/val/damaged/packagingboxesthataredamaged39.png
packagingboxesthataredamaged276.jpeg,damaged,Sports,/content/package_data/val/damaged/packagingboxesthataredamaged276.jpeg
packagingboxesthataredamaged213.jpeg,damaged,Electronics,/content/package_data/val/damaged/packagingboxesthataredamaged213.jpeg
damagedfoodpackagingbox200.jpeg,damaged,Toys,/content/package_data/val/damaged/damagedfoodpackagingbox200.jpeg
damagedfoodpackagingbox154.jpeg,damaged,Home,/content/package_data/val/damaged/damagedfoodpackagingbox154.jpeg
packagingboxesthataredamaged62.jpeg,damaged,Beauty,/content/package_data/val/damaged/packagingboxesthataredamaged62.jpeg
packagingboxeswithdamagesanddents4.jpeg,damaged,Toys,/content/package_data/val/damaged/packagingboxeswithdamagesanddents4.jpeg
packagingboxesthataredamaged12.jpeg,damaged,Electronics,/content/package_data/val/damaged/packagingboxesthataredamaged12.jpeg
packagingboxesthataredamaged93.jpeg,damaged,Toys,/content/package_data/val/damaged/packagingboxesthataredamaged93.jpeg
packagingboxesthataredamaged116.jpeg,damaged,Beauty,/content/package_data/val/damaged/packagingboxesthataredamaged116.jpeg
packagingboxesthataredamaged167.png,damaged,Sports,/content/package_data/val/damaged/packagingboxesthataredamaged167.png
damagedfoodpackagingbox11.jpeg,damaged,Beauty,/content/package_data/val/damaged/damagedfoodpackagingbox11.jpeg
packagingboxesthataredamaged27.jpeg,damaged,Home,/content/package_data/val/damaged/packagingboxesthataredamaged27.jpeg
packagingboxeswithdamagesanddents17.jpeg,damaged,Beauty,/content/package_data/val/damaged/packagingboxeswithdamagesanddents17.jpeg
packagingboxeswithdamagesanddents70.jpeg,damaged,Home,/content/package_data/val/damaged/packagingboxeswithdamagesanddents70.jpeg
packagingboxeswithdamagesanddents35.jpeg,damaged,Toys,/content/package_data/val/damaged/packagingboxeswithdamagesanddents35.jpeg
packagingboxesthataredamaged284.jpeg,damaged,Sports,/content/package_data/val/damaged/packagingboxesthataredamaged284.jpeg
damagedfoodpackagingbox202.jpeg,damaged,Books,/content/package_data/val/damaged/damagedfoodpackagingbox202.jpeg
damagedfoodpackagingbox20.jpeg,damaged,Home,/content/package_data/val/damaged/damagedfoodpackagingbox20.jpeg
packagingboxesthataredamaged295.jpeg,damaged,Books,/content/package_data/val/damaged/packagingboxesthataredamaged295.jpeg
packagingboxesthataredamaged226.jpeg,damaged,Toys,/content/package_data/val/damaged/packagingboxesthataredamaged226.jpeg
packagingboxesthataredamaged232.jpeg,damaged,Beauty,/content/package_data/val/damaged/packagingboxesthataredamaged232.jpeg
packagingboxeswithdamagesanddents66.jpeg,damaged,Books,/content/package_data/val/damaged/packagingboxeswithdamagesanddents66.jpeg
packagingboxesthataredamaged57.jpeg,damaged,Sports,/content/package_data/val/damaged/packagingboxesthataredamaged57.jpeg
damagedfoodpackagingbox93.jpeg,damaged,Clothing,/content/package_data/val/damaged/damagedfoodpackagingbox93.jpeg
damagedfoodpackagingbox149.png,damaged,Electronics,/content/package_data/val/damaged/damagedfoodpackagingbox149.png
packagingboxesthataredamaged237.jpeg,damaged,Electronics,/content/package_data/val/damaged/packagingboxesthataredamaged237.jpeg
damagedfoodpackagingbox58.jpeg,damaged,Toys,/content/package_data/val/damaged/damagedfoodpackagingbox58.jpeg
damagedfoodpackagingbox8.jpeg,damaged,Home,/content/package_data/val/damaged/damagedfoodpackagingbox8.jpeg
packagingboxesthataredamaged234.jpeg,damaged,Toys,/content/package_data/val/damaged/packagingboxesthataredamaged234.jpeg
packagingboxesthataredamaged120.jpeg,damaged,Toys,/content/package_data/val/damaged/packagingboxesthataredamaged120.jpeg
packagingboxesthataredamaged24.jpeg,damaged,Home,/content/package_data/val/damaged/packagingboxesthataredamaged24.jpeg
damagedfoodpackagingbox189.png,damaged,Home,/content/package_data/val/damaged/damagedfoodpackagingbox189.png
packagingboxesthataredamaged40.jpeg,damaged,Sports,/content/package_data/val/damaged/packagingboxesthataredamaged40.jpeg
damagedfoodpackagingbox233.jpeg,damaged,Clothing,/content/package_data/val/damaged/damagedfoodpackagingbox233.jpeg
packagingboxeswithdamagesanddents12.jpeg,damaged,Toys,/content/package_data/val/damaged/packagingboxeswithdamagesanddents12.jpeg
packagingboxesthataredamaged84.jpeg,damaged,Electronics,/content/package_data/val/damaged/packagingboxesthataredamaged84.jpeg
packagingboxesthataredamaged137.png,damaged,Sports,/content/package_data/val/damaged/packagingboxesthataredamaged137.png
packagingboxesthataredamaged123.jpeg,damaged,Clothing,/content/package_data/val/damaged/packagingboxesthataredamaged123.jpeg
packagingboxesthataredamaged168.jpeg,damaged,Books,/content/package_data/val/damaged/packagingboxesthataredamaged168.jpeg
packagingboxesthataredamaged223.jpeg,damaged,Toys,/content/package_data/val/damaged/packagingboxesthataredamaged223.jpeg
packagingboxesthataredamaged118.jpeg,damaged,Home,/content/package_data/val/damaged/packagingboxesthataredamaged118.jpeg
fooditemboxes6.jpeg,damaged,Home,/content/package_data/val/damaged/fooditemboxes6.jpeg
damagedfoodpackagingbox148.jpeg,damaged,Home,/content/package_data/val/damaged/damagedfoodpackagingbox148.jpeg
packagingboxeswithdamagesanddents8.jpeg,damaged,Books,/content/package_data/val/damaged/packagingboxeswithdamagesanddents8.jpeg
packagingboxesthataredamaged162.jpeg,damaged,Sports,/content/package_data/val/damaged/packagingboxesthataredamaged162.jpeg
packagingboxesthataredamaged90.webp,damaged,Clothing,/content/package_data/val/damaged/packagingboxesthataredamaged90.webp
packagingboxesthataredamaged98.jpeg,damaged,Sports,/content/package_data/val/damaged/packagingboxesthataredamaged98.jpeg
damagedfoodpackagingbox254.jpeg,damaged,Sports,/content/package_data/val/damaged/damagedfoodpackagingbox254.jpeg
packagingboxeswithdamagesanddents16.jpeg,damaged,Home,/content/package_data/val/damaged/packagingboxeswithdamagesanddents16.jpeg
packagingboxesthataredamaged19.png,damaged,Electronics,/content/package_data/val/damaged/packagingboxesthataredamaged19.png
packagingboxeswithdamagesanddents26.jpeg,damaged,Sports,/content/package_data/val/damaged/packagingboxeswithdamagesanddents26.jpeg
packagingboxesthataredamaged11.jpeg,damaged,Beauty,/content/package_data/val/damaged/packagingboxesthataredamaged11.jpeg
packagingboxesthataredamaged109.jpeg,damaged,Sports,/content/package_data/val/damaged/packagingboxesthataredamaged109.jpeg
packagingboxeswithdamagesanddents5.jpeg,damaged,Clothing,/content/package_data/val/damaged/packagingboxeswithdamagesanddents5.jpeg
damagedfoodpackagingbox59.jpeg,damaged,Sports,/content/package_data/val/damaged/damagedfoodpackagingbox59.jpeg
packagingboxeswithdamagesanddents11.jpeg,damaged,Sports,/content/package_data/val/damaged/packagingboxeswithdamagesanddents11.jpeg
packagingboxesthataredamaged87.jpeg,damaged,Books,/content/package_data/val/damaged/packagingboxesthataredamaged87.jpeg
packagingboxeswithdamagesanddents13.jpeg,damaged,Sports,/content/package_data/val/damaged/packagingboxeswithdamagesanddents13.jpeg
damagedfoodpackagingbox79.webp,damaged,Books,/content/package_data/val/damaged/damagedfoodpackagingbox79.webp
damagedfoodpackagingbox239.png,damaged,Toys,/content/package_data/val/damaged/damagedfoodpackagingbox239.png
damagedfoodpackagingbox47.png,damaged,Beauty,/content/package_data/val/damaged/damagedfoodpackagingbox47.png
packagingboxesthataredamaged268.jpeg,damaged,Beauty,/content/package_data/val/damaged/packagingboxesthataredamaged268.jpeg
packagingboxesthataredamaged227.jpeg,damaged,Books,/content/package_data/val/damaged/packagingboxesthataredamaged227.jpeg
packagingboxesthataredamaged78.jpeg,damaged,Sports,/content/package_data/val/damaged/packagingboxesthataredamaged78.jpeg
packagingboxesthataredamaged70.png,damaged,Clothing,/content/package_data/val/damaged/packagingboxesthataredamaged70.png
packagingboxeswithdamagesanddents53.jpeg,damaged,Toys,/content/package_data/val/damaged/packagingboxeswithdamagesanddents53.jpeg
packagingboxesthataredamaged105.jpeg,damaged,Sports,/content/package_data/val/damaged/packagingboxesthataredamaged105.jpeg
damagedfoodpackagingbox116.jpeg,damaged,Toys,/content/package_data/val/damaged/damagedfoodpackagingbox116.jpeg
packagingboxeswithdamagesanddents20.jpeg,damaged,Clothing,/content/package_data/val/damaged/packagingboxeswithdamagesanddents20.jpeg
packagingboxesthataredamaged156.jpeg,damaged,Books,/content/package_data/val/damaged/packagingboxesthataredamaged156.jpeg
damagedfoodpackagingbox283.jpeg,damaged,Books,/content/package_data/val/damaged/damagedfoodpackagingbox283.jpeg
damagedfoodpackagingbox180.jpeg,damaged,Books,/content/package_data/val/damaged/damagedfoodpackagingbox180.jpeg
packagingboxesthataredamaged250.jpeg,damaged,Beauty,/content/package_data/val/damaged/packagingboxesthataredamaged250.jpeg
damagedfoodpackagingbox115.jpeg,damaged,Clothing,/content/package_data/val/damaged/damagedfoodpackagingbox115.jpeg
packagingboxesthataredamaged22.jpeg,damaged,Beauty,/content/package_data/val/damaged/packagingboxesthataredamaged22.jpeg
packagingboxesthataredamaged28.jpeg,damaged,Home,/content/package_data/val/damaged/packagingboxesthataredamaged28.jpeg
packagingboxesthataredamaged291.jpeg,damaged,Beauty,/content/package_data/val/damaged/packagingboxesthataredamaged291.jpeg
damagedfoodpackagingbox88.jpeg,damaged,Toys,/content/package_data/val/damaged/damagedfoodpackagingbox88.jpeg
packagingboxesthataredamaged43.jpeg,damaged,Clothing,/content/package_data/val/damaged/packagingboxesthataredamaged43.jpeg
packagingboxeswithdamagesanddents23.jpeg,damaged,Toys,/content/package_data/val/damaged/packagingboxeswithdamagesanddents23.jpeg
packagingboxesthataredamaged136.jpeg,damaged,Books,/content/package_data/val/damaged/packagingboxesthataredamaged136.jpeg
packagingboxeswithdamagesanddents80.jpeg,damaged,Clothing,/content/package_data/val/damaged/packagingboxeswithdamagesanddents80.jpeg
damagedfoodpackagingbox143.jpeg,damaged,Sports,/content/package_data/val/damaged/damagedfoodpackagingbox143.jpeg
packagingboxesthataredamaged67.jpeg,damaged,Beauty,/content/package_data/val/damaged/packagingboxesthataredamaged67.jpeg
packagingboxesthataredamaged63.jpeg,damaged,Books,/content/package_data/val/damaged/packagingboxesthataredamaged63.jpeg
packagingboxesthataredamaged1.jpeg,damaged,Books,/content/package_data/val/damaged/packagingboxesthataredamaged1.jpeg
packagingboxesthataredamaged179.jpeg,damaged,Sports,/content/package_data/val/damaged/packagingboxesthataredamaged179.jpeg
packagingboxesthataredamaged0.jpeg,damaged,Books,/content/package_data/val/damaged/packagingboxesthataredamaged0.jpeg
packagingboxesthataredamaged297.jpeg,damaged,Sports,/content/package_data/val/damaged/packagingboxesthataredamaged297.jpeg
packagingboxesthataredamaged231.jpeg,damaged,Sports,/content/package_data/val/damaged/packagingboxesthataredamaged231.jpeg
damagedfoodpackagingbox77.jpeg,damaged,Sports,/content/package_data/val/damaged/damagedfoodpackagingbox77.jpeg
packagingboxesthataredamaged33.jpeg,damaged,Clothing,/content/package_data/val/damaged/packagingboxesthataredamaged33.jpeg
damagedfoodpackagingbox221.jpeg,damaged,Clothing,/content/package_data/val/damaged/damagedfoodpackagingbox221.jpeg
packagingboxesthataredamaged10.jpeg,damaged,Books,/content/package_data/val/damaged/packagingboxesthataredamaged10.jpeg
packagingboxesthataredamaged47.jpeg,damaged,Beauty,/content/package_data/val/damaged/packagingboxesthataredamaged47.jpeg
damagedfoodpackagingbox182.jpeg,damaged,Home,/content/package_data/val/damaged/damagedfoodpackagingbox182.jpeg
packagingboxesthataredamaged245.jpeg,damaged,Clothing,/content/package_data/val/damaged/packagingboxesthataredamaged245.jpeg
packagingboxes254.jpeg,intact,Beauty,/content/package_data/val/intact/packagingboxes254.jpeg
packagingboxes261.jpeg,intact,Toys,/content/package_data/val/intact/packagingboxes261.jpeg
fooditemboxes57.jpeg,intact,Clothing,/content/package_data/val/intact/fooditemboxes57.jpeg
packagingboxes265.jpeg,intact,Books,/content/package_data/val/intact/packagingboxes265.jpeg
medicinepackagingboxes107.jpeg,intact,Home,/content/package_data/val/intact/medicinepackagingboxes107.jpeg
medicinepackagingboxes270.jpeg,intact,Toys,/content/package_data/val/intact/medicinepackagingboxes270.jpeg
medicinepackagingboxes0.jpeg,intact,Toys,/content/package_data/val/intact/medicinepackagingboxes0.jpeg
packagingboxes227.jpeg,intact,Sports,/content/package_data/val/intact/packagingboxes227.jpeg
medicinepackagingboxes61.jpeg,intact,Sports,/content/package_data/val/intact/medicinepackagingboxes61.jpeg
fooditemboxes219.jpeg,intact,Beauty,/content/package_data/val/intact/fooditemboxes219.jpeg
medicinepackagingboxes177.jpeg,intact,Books,/content/package_data/val/intact/medicinepackagingboxes177.jpeg
fooditemboxes8.jpeg,intact,Home,/content/package_data/val/intact/fooditemboxes8.jpeg
medicinepackagingboxes142.jpeg,intact,Electronics,/content/package_data/val/intact/medicinepackagingboxes142.jpeg
fooditemboxes66.jpeg,intact,Sports,/content/package_data/val/intact/fooditemboxes66.jpeg
medicinepackagingboxes7.png,intact,Clothing,/content/package_data/val/intact/medicinepackagingboxes7.png
fooditemboxes255.jpeg,intact,Beauty,/content/package_data/val/intact/fooditemboxes255.jpeg
packagingboxes272.jpeg,intact,Books,/content/package_data/val/intact/packagingboxes272.jpeg
medicinepackagingboxes170.webp,intact,Toys,/content/package_data/val/intact/medicinepackagingboxes170.webp
medicinepackagingboxes144.jpeg,intact,Books,/content/package_data/val/intact/medicinepackagingboxes144.jpeg
medicinepackagingboxes219.jpeg,intact,Electronics,/content/package_data/val/intact/medicinepackagingboxes219.jpeg
medicinepackagingboxes90.jpeg,intact,Beauty,/content/package_data/val/intact/medicinepackagingboxes90.jpeg
fooditemboxes34.jpeg,intact,Sports,/content/package_data/val/intact/fooditemboxes34.jpeg
medicinepackagingboxes100.jpeg,intact,Electronics,/content/package_data/val/intact/medicinepackagingboxes100.jpeg
medicinepackagingboxes218.jpeg,intact,Books,/content/package_data/val/intact/medicinepackagingboxes218.jpeg
fooditemboxes284.webp,intact,Sports,/content/package_data/val/intact/fooditemboxes284.webp
medicinepackagingboxes129.jpeg,intact,Electronics,/content/package_data/val/intact/medicinepackagingboxes129.jpeg
fooditemboxes166.jpeg,intact,Sports,/content/package_data/val/intact/fooditemboxes166.jpeg
packagingboxes277.jpeg,intact,Books,/content/package_data/val/intact/packagingboxes277.jpeg
packagingboxes249.jpeg,intact,Home,/content/package_data/val/intact/packagingboxes249.jpeg
packagingboxes47.jpeg,intact,Electronics,/content/package_data/val/intact/packagingboxes47.jpeg
medicinepackagingboxes63.jpeg,intact,Sports,/content/package_data/val/intact/medicinepackagingboxes63.jpeg
medicinepackagingboxes57.jpeg,intact,Beauty,/content/package_data/val/intact/medicinepackagingboxes57.jpeg
packagingboxes270.webp,intact,Clothing,/content/package_data/val/intact/packagingboxes270.webp
packagingboxes30.webp,intact,Electronics,/content/package_data/val/intact/packagingboxes30.webp
packagingboxes164.jpeg,intact,Sports,/content/package_data/val/intact/packagingboxes164.jpeg
fooditemboxes60.jpeg,intact,Beauty,/content/package_data/val/intact/fooditemboxes60.jpeg
packagingboxes73.jpeg,intact,Toys,/content/package_data/val/intact/packagingboxes73.jpeg
fooditemboxes119.webp,intact,Sports,/content/package_data/val/intact/fooditemboxes119.webp
medicinepackagingboxes12.jpeg,intact,Books,/content/package_data/val/intact/medicinepackagingboxes12.jpeg
medicinepackagingboxes71.jpeg,intact,Beauty,/content/package_data/val/intact/medicinepackagingboxes71.jpeg
medicinepackagingboxes26.jpeg,intact,Books,/content/package_data/val/intact/medicinepackagingboxes26.jpeg
medicinepackagingboxes255.webp,intact,Books,/content/package_data/val/intact/medicinepackagingboxes255.webp
packagingboxes240.jpeg,intact,Clothing,/content/package_data/val/intact/packagingboxes240.jpeg
medicinepackagingboxes65.jpeg,intact,Toys,/content/package_data/val/intact/medicinepackagingboxes65.jpeg
fooditemboxes140.jpeg,intact,Electronics,/content/package_data/val/intact/fooditemboxes140.jpeg
packagingboxes221.jpeg,intact,Clothing,/content/package_data/val/intact/packagingboxes221.jpeg
packagingboxes49.webp,intact,Home,/content/package_data/val/intact/packagingboxes49.webp
medicinepackagingboxes113.jpeg,intact,Home,/content/package_data/val/intact/medicinepackagingboxes113.jpeg
medicinepackagingboxes271.jpeg,intact,Clothing,/content/package_data/val/intact/medicinepackagingboxes271.jpeg
packagingboxes54.jpeg,intact,Sports,/content/package_data/val/intact/packagingboxes54.jpeg
medicinepackagingboxes260.jpeg,intact,Toys,/content/package_data/val/intact/medicinepackagingboxes260.jpeg
medicinepackagingboxes70.jpeg,intact,Clothing,/content/package_data/val/intact/medicinepackagingboxes70.jpeg
medicinepackagingboxes243.jpeg,intact,Home,/content/package_data/val/intact/medicinepackagingboxes243.jpeg
fooditemboxes126.jpeg,intact,Home,/content/package_data/val/intact/fooditemboxes126.jpeg
packagingboxes81.jpeg,intact,Beauty,/content/package_data/val/intact/packagingboxes81.jpeg
packagingboxes260.webp,intact,Home,/content/package_data/val/intact/packagingboxes260.webp
fooditemboxes20.jpeg,intact,Toys,/content/package_data/val/intact/fooditemboxes20.jpeg
medicinepackagingboxes211.jpeg,intact,Home,/content/package_data/val/intact/medicinepackagingboxes211.jpeg
medicinepackagingboxes31.jpeg,intact,Books,/content/package_data/val/intact/medicinepackagingboxes31.jpeg
fooditemboxes61.jpeg,intact,Toys,/content/package_data/val/intact/fooditemboxes61.jpeg
medicinepackagingboxes175.jpeg,intact,Clothing,/content/package_data/val/intact/medicinepackagingboxes175.jpeg
medicinepackagingboxes146.jpeg,intact,Books,/content/package_data/val/intact/medicinepackagingboxes146.jpeg
packagingboxes206.jpeg,intact,Sports,/content/package_data/val/intact/packagingboxes206.jpeg
medicinepackagingboxes82.jpeg,intact,Toys,/content/package_data/val/intact/medicinepackagingboxes82.jpeg
medicinepackagingboxes289.jpeg,intact,Books,/content/package_data/val/intact/medicinepackagingboxes289.jpeg
medicinepackagingboxes3.jpeg,intact,Clothing,/content/package_data/val/intact/medicinepackagingboxes3.jpeg
medicinepackagingboxes220.jpeg,intact,Toys,/content/package_data/val/intact/medicinepackagingboxes220.jpeg
medicinepackagingboxes233.webp,intact,Toys,/content/package_data/val/intact/medicinepackagingboxes233.webp
packagingboxes189.jpeg,intact,Home,/content/package_data/val/intact/packagingboxes189.jpeg
packagingboxes128.webp,intact,Books,/content/package_data/val/intact/packagingboxes128.webp
packagingboxes178.jpeg,intact,Toys,/content/package_data/val/intact/packagingboxes178.jpeg
medicinepackagingboxes4.jpeg,intact,Clothing,/content/package_data/val/intact/medicinepackagingboxes4.jpeg
medicinepackagingboxes296.jpeg,intact,Books,/content/package_data/val/intact/medicinepackagingboxes296.jpeg
medicinepackagingboxes286.jpeg,intact,Toys,/content/package_data/val/intact/medicinepackagingboxes286.jpeg
fooditemboxes53.jpeg,intact,Home,/content/package_data/val/intact/fooditemboxes53.jpeg
medicinepackagingboxes6.jpeg,intact,Beauty,/content/package_data/val/intact/medicinepackagingboxes6.jpeg
medicinepackagingboxes40.jpeg,intact,Toys,/content/package_data/val/intact/medicinepackagingboxes40.jpeg
fooditemboxes23.jpeg,intact,Beauty,/content/package_data/val/intact/fooditemboxes23.jpeg
packagingboxes196.jpeg,intact,Sports,/content/package_data/val/intact/packagingboxes196.jpeg
medicinepackagingboxes83.webp,intact,Home,/content/package_data/val/intact/medicinepackagingboxes83.webp
medicinepackagingboxes295.jpeg,intact,Books,/content/package_data/val/intact/medicinepackagingboxes295.jpeg
fooditemboxes30.jpeg,intact,Electronics,/content/package_data/val/intact/fooditemboxes30.jpeg
fooditemboxes173.jpeg,intact,Home,/content/package_data/val/intact/fooditemboxes173.jpeg
fooditemboxes59.jpeg,intact,Home,/content/package_data/val/intact/fooditemboxes59.jpeg
packagingboxes281.jpeg,intact,Clothing,/content/package_data/val/intact/packagingboxes281.jpeg
fooditemboxes233.jpeg,intact,Clothing,/content/package_data/val/intact/fooditemboxes233.jpeg
packagingboxes216.jpeg,intact,Sports,/content/package_data/val/intact/packagingboxes216.jpeg
medicinepackagingboxes64.jpeg,intact,Toys,/content/package_data/val/intact/medicinepackagingboxes64.jpeg
medicinepackagingboxes141.jpeg,intact,Home,/content/package_data/val/intact/medicinepackagingboxes141.jpeg
medicinepackagingboxes136.jpeg,intact,Beauty,/content/package_data/val/intact/medicinepackagingboxes136.jpeg
medicinepackagingboxes118.jpeg,intact,Sports,/content/package_data/val/intact/medicinepackagingboxes118.jpeg
medicinepackagingboxes249.jpeg,intact,Home,/content/package_data/val/intact/medicinepackagingboxes249.jpeg
medicinepackagingboxes44.jpeg,intact,Home,/content/package_data/val/intact/medicinepackagingboxes44.jpeg
packagingboxes79.jpeg,intact,Books,/content/package_data/val/intact/packagingboxes79.jpeg
medicinepackagingboxes78.jpeg,intact,Toys,/content/package_data/val/intact/medicinepackagingboxes78.jpeg
fooditemboxes144.jpeg,intact,Books,/content/package_data/val/intact/fooditemboxes144.jpeg
packagingboxes225.jpeg,intact,Books,/content/package_data/val/intact/packagingboxes225.jpeg
packagingboxes228.jpeg,intact,Beauty,/content/package_data/val/intact/packagingboxes228.jpeg
fooditemboxes181.jpeg,intact,Sports,/content/package_data/val/intact/fooditemboxes181.jpeg
medicinepackagingboxes68.jpeg,intact,Home,/content/package_data/val/intact/medicinepackagingboxes68.jpeg
medicinepackagingboxes30.jpeg,intact,Electronics,/content/package_data/val/intact/medicinepackagingboxes30.jpeg
medicinepackagingboxes87.jpeg,intact,Electronics,/content/package_data/val/intact/medicinepackagingboxes87.jpeg
medicinepackagingboxes167.jpeg,intact,Beauty,/content/package_data/val/intact/medicinepackagingboxes167.jpeg
fooditemboxes77.jpeg,intact,Toys,/content/package_data/val/intact/fooditemboxes77.jpeg
medicinepackagingboxes9.jpeg,intact,Clothing,/content/package_data/val/intact/medicinepackagingboxes9.jpeg
medicinepackagingboxes149.jpeg,intact,Clothing,/content/package_data/val/intact/medicinepackagingboxes149.jpeg
fooditemboxes7.jpeg,intact,Home,/content/package_data/val/intact/fooditemboxes7.jpeg
medicinepackagingboxes73.jpeg,intact,Home,/content/package_data/val/intact/medicinepackagingboxes73.jpeg
medicinepackagingboxes229.jpeg,intact,Electronics,/content/package_data/val/intact/medicinepackagingboxes229.jpeg
fooditemboxes132.jpeg,intact,Sports,/content/package_data/val/intact/fooditemboxes132.jpeg
fooditemboxes86.jpeg,intact,Beauty,/content/package_data/val/intact/fooditemboxes86.jpeg
fooditemboxes194.jpeg,intact,Home,/content/package_data/val/intact/fooditemboxes194.jpeg
packagingboxes171.jpeg,intact,Home,/content/package_data/val/intact/packagingboxes171.jpeg
fooditemboxes253.jpeg,intact,Electronics,/content/package_data/val/intact/fooditemboxes253.jpeg
packagingboxes0.jpeg,intact,Home,/content/package_data/val/intact/packagingboxes0.jpeg
medicinepackagingboxes80.jpeg,intact,Home,/content/package_data/val/intact/medicinepackagingboxes80.jpeg
medicinepackagingboxes279.jpeg,intact,Toys,/content/package_data/val/intact/medicinepackagingboxes279.jpeg
medicinepackagingboxes115.jpeg,intact,Sports,/content/package_data/val/intact/medicinepackagingboxes115.jpeg
medicinepackagingboxes186.jpeg,intact,Clothing,/content/package_data/val/intact/medicinepackagingboxes186.jpeg
fooditemboxes226.jpeg,intact,Sports,/content/package_data/val/intact/fooditemboxes226.jpeg
fooditemboxes16.jpeg,intact,Sports,/content/package_data/val/intact/fooditemboxes16.jpeg
fooditemboxes125.jpeg,intact,Clothing,/content/package_data/val/intact/fooditemboxes125.jpeg
packagingboxes28.png,intact,Electronics,/content/package_data/val/intact/packagingboxes28.png
fooditemboxes28.jpeg,intact,Home,/content/package_data/val/intact/fooditemboxes28.jpeg
